id,section,indice,categorie,genre,phase,niveau,poule_num,poule_url,equipe_ffhb_proposee,confiance,a_verifier,candidats_poule
Entente_Villette_Genas_B_M18_P1,Entente Villette Genas,B,M18,G,P1,Excellence,4.0,https://www.ffhandball.fr/competitions/saison-2026-2027-22/regional/m18-ans-masculin-excellence-aura-30502/poule-190126/,,0.0,True,
Entente_Villette_Genas_A_M13_P1,Entente Villette Genas,A,M13,G,P1,Excellence,8.0,https://www.ffhandball.fr/competitions/saison-2026-2027-22/regional/m13-ans-masculin-excellence-aura-30506/poule-190357/,M13M EXC - ENTENTE GENAS - VILLETTE,0.8,False,M13M EXC - ENTENTE GENAS - VILLETTE | -13G1 US MEYZIEU HANDBALL | M13M EXC - ENTENTE BOURGOIN/VILLEFONTAINE | M13M EXC - ENTENTE CORBAS - ST PRIEST | M13M Chaponnay
Entente_Villette_Genas_C_M15_P1,Entente Villette Genas,C,M15,G,P1,Excellence,4.0,https://www.ffhandball.fr/competitions/saison-2026-2027-22/regional/m15-ans-masculin-excellence-aura-30504/poule-190326/,M15M EXC - ENTENTE GENAS - VILLETTE,0.8,False,M15M EXC - ENTENTE GENAS - VILLETTE | M15M EXC - MIONS HEYRIEUX | PAYS DE L ARBRESLE HB 1 | AS GENAY HANDBALL | HB GLEIZE ST JULIEN DENICE U15M A | M15M EXC - ENTENTE BEAUJOLAISE 2
Entente_Villette_Genas_D_M18_P1,Entente Villette Genas,D,M18,G,P1,Excellence,4.0,https://www.ffhandball.fr/competitions/saison-2026-2027-22/regional/m18-ans-masculin-excellence-aura-30502/poule-190126/,M18M EXC - ENTENTE GENAS-VILLETTE B,1.0,False,HANDBALL BOURG | AS GENAY HANDBALL | COTIERE HANDBALL | VAULX EN VELIN HANDBALL CLUB | M18M EXC - ENTENTE GENAS-VILLETTE B
Entente_Villette_Genas_C_M18_P1,Entente Villette Genas,C,M18,G,P1,Excellence,10.0,https://www.ffhandball.fr/competitions/saison-2026-2027-22/regional/m18-ans-masculin-excellence-aura-30502/poule-190132/,M18M EXC - ENTENTE GENAS - VILLETTE,0.8,False,HANDBALL CLUB DE LYON | M18M EXC - ENTENTE GENAS - VILLETTE | PAYS VOIRONNAIS HANDBALL 1 | CS BOURGOIN JALLIEU HB | M18M EXC - ENTENTE CORBAS - ST PRIEST - CHAPONNAY
Sporting_Villette_Mixte_Loisirs,Sporting Villette,Mixte,Loisirs,Mixte,,,,,Sporting Villette,,False,
Sporting_Villette_G_Loisirs,Sporting Villette,G,Loisirs,G,,,,,Sporting Villette,,False,
Sporting_Villette_F_Loisirs,Sporting Villette,F,Loisirs,F,,,,,Sporting Villette,,False,
Sporting_Villette_A_M11_P1,Sporting Villette,A,M11,G,P1,Intermédiaire,C,https://www.ffhandball.fr/competitions/saison-2026-2027-22/departemental/championnat-masculin-11-32912/poule-197208/,SPORTING VILLETTE M11G INT,0.84,False,ES GENAS AZIEU HB 1 | -11G2 US MEYZIEU HANDBALL | ST PRIEST HANDBALL INTERMEDIAIRE | CHAPONNAY | SPORTING VILLETTE M11G INT | HBC CORBAS | HBC CREMIEU -11M
Sporting_Villette_B_M11_P1,Sporting Villette,B,M11,G,P1,Découverte,H,https://www.ffhandball.fr/competitions/saison-2026-2027-22/departemental/championnat-masculin-11-32912/poule-197216/,SPORTING VILLETTE M11G DEC,0.84,False,ES GENAS AZIEU HB 3 | HBC ECHALAS M11M DEC 2 | BRON HANDBALL | ST PRIEST HANDBALL | VENISSIEUX HANDBALL | SPORTING VILLETTE M11G DEC | DECINES HANDBALL CLUB
Entente_Villette_Genas_B_M13_P1,Entente Villette Genas,B,M13,G,P1,Div 1 AURA,5,https://www.ffhandball.fr/competitions/saison-2026-2027-22/regional/m13-ans-masculin-division-1-aura-30513/poule-196989/,M13M DIV RTE - ENTENTE GENAS - VILLETTE 2,0.8,False,UODL HANDBALL 2 | M13M DIV RTE - ENTENTE GENAS - VILLETTE 2 | LYON HANDBALL M13M DIVISION | AS GENAY HANDBALL | HANDBALL GLEIZE SAINT JULIEN DENICE | CHATILLON VAILLANTE HANDBALL | M13M DIV - ENTENTE NORD BEAUJOLAIS 2
Entente_Villette_Genas_C_M13_P1,Entente Villette Genas,C,M13,G,P1,Div 1 AURA,7,https://www.ffhandball.fr/competitions/saison-2026-2027-22/regional/m13-ans-masculin-division-1-aura-30513/poule-196991/,M13M DIV - RTE ENTENTE GENAS-VILLETTE 3,0.8,False,CALUIRE-RILLIEUX HANDBALL 2 | M13M EXC - ENTENTE BOURGOIN/VILLEFONTAINE | ISLE D'ABEAU SPORTS HANDBALL U13G | VENISSIEUX HANDBALL | MIONS HANDBALL | VAULX EN VELIN HANDBALL CLUB | M13M DIV - RTE ENTENTE GENAS-VILLETTE 3 | HBC CREMIEU -13G
Entente_Villette_Genas_D_M15_P1,Entente Villette Genas,D,M15,G,P1,Excellence,5,https://www.ffhandball.fr/competitions/saison-2026-2027-22/regional/m15-ans-masculin-division-1-aura-30512/poule-196976/,M15M DIV - RTE ENTENTE GENAS - VILLETTE 2,0.8,False,CALUIRE-RILLIEUX HANDBALL 2 | UODL HANDBALL 2 | ST GENIS LAVAL AL HANDBALL -15M DIV 1 | M15M DIV - RTE ENTENTE GENAS - VILLETTE 2 | lyon handball m15 division | MARCY L ETOILE HB | M15M DIV - MIONS HEYRIEUX | VAULX EN VELIN HANDBALL CLUB
Entente_Villette_Genas_E_M15_P1,Entente Villette Genas,E,M15,G,P1,Div 1 AURA,6,https://www.ffhandball.fr/competitions/saison-2026-2027-22/regional/m15-ans-masculin-division-1-aura-30512/poule-196979/,M15M DIV - RTE ENTENTE GENAS-VILLETTE 4,0.8,False,M15M DIV - ENTENTE LIMAS/VHB M15 DIV | MEXIMIEUX HANDBALL M15G2 | AS GENAY HANDBALL | COTIERE HANDBALL 2 | CIVRIEUX HB | RACING CLUB MONTLUEL HANDBALL | M15M DIV - RTE ENTENTE GENAS-VILLETTE 4
Entente_Villette_Genas_F_M15_P1,Entente Villette Genas,F,M15,G,P1,Div 1 AURA,1,https://www.ffhandball.fr/competitions/saison-2026-2027-22/regional/m15-ans-masculin-division-2-aura-30517/poule-197173/,M15M DIV - RTE ENTENTE GENAS VILLETTE 3,0.8,False,ST GENIS LAVAL AL HANDBALL 3 | MORNANT HBC | M15M DIV - RTE ENTENTE GENAS VILLETTE 3 | M15M DIV - ENTENTE NORD BEAUJOLAIS 2
Sporting_Villette_A_Seniors_P1,Sporting Villette,A,Seniors,G,P1,Div 2 AURA,3,https://www.ffhandball.fr/competitions/saison-2026-2027-22/regional/2eme-division-masculine-p16-aura-30501/poule-196314/,SPORTING VILLETTE,0.89,False,MERMOZ SM4 | ES GENAS AZIEU HANDBALL | ISLE D'ABEAU SENIORS GARCONS 2 | SAINT GENIX AOSTE HB 2 | SPORTING VILLETTE | PAYS VIENNOIS HBC | AS HB VILLEFONTAINE | CS MORESTEL HANDBALL | CO ST FONS SM
Entente_Lyon_Est_Handball_A_M11_P1,Entente Lyon Est Handball,A,M11,F,P1,Intermédiaire,A,https://www.ffhandball.fr/competitions/saison-2026-2027-22/departemental/championnat-feminin-11-33382/poule-197316/,11F1 ENTENTE LYON EST HANDBALL,0.83,False,HANDBALL CLUB DE LYON | HANDBALL GLEIZE SAINT JULIEN DENICE | MERMOZ F11A | UODL HANDBALL | HANDBALL CLUB DE CHAPONNAY | 11F1 ENTENTE LYON EST HANDBALL
Entente_Lyon_Est_Handball_B_M11_P1,Entente Lyon Est Handball,B,M11,F,P1,Découverte,C,https://www.ffhandball.fr/competitions/saison-2026-2027-22/departemental/championnat-feminin-11-32911/poule-197204/,,0.0,True,
Entente_Lyon_Est_Handball_A_M13_P1,Entente Lyon Est Handball,A,M13,F,P1,Excellence,4,https://www.ffhandball.fr/competitions/saison-2026-2027-22/regional/m13-ans-feminin-excellence-aura-30510/poule-190367/,M13F EXC - ENTENTE LYON EST HANDBALL - 1,0.8,False,VILLEURBANNE HANDBALL ASSOCIATION | M13F EXC - ENTENTE LYON EST HANDBALL - 1 | ASUL VAULX-EN-VELIN | HBC ST LAURENT DE CHAMOUSSET | CALUIRE-RILLIEUX HANDBALL
Entente_Lyon_Est_Handball_B_M13_P1,Entente Lyon Est Handball,B,M13,F,P1,Div 1 AURA,5,https://www.ffhandball.fr/competitions/saison-2026-2027-22/regional/m13-ans-feminin-division-1-aura-30516/poule-197027/,M13F DIV - ENTENTE LYON EST HANDBALL - 2,0.8,False,ASUL VAULX-EN-VELIN | HB GLEIZE ST JULIEN DENICE U13F B | BRON HANDBALL | CIVRIEUX HANDBALL CLUB | M13F DIV - UNION DES LIONNES | M13F DIV - ENTENTE LYON EST HANDBALL - 2 | M13F DIV - ENTENTE NORD BEAUJOLAIS
Entente_Lyon_Est_Handball_C_M13_P1,Entente Lyon Est Handball,C,M13,F,P1,Div 2 AURA,2,https://www.ffhandball.fr/competitions/saison-2026-2027-22/regional/m13-ans-feminin-division-2-aura-30520/,M13F DIV - ENTENTE LYON EST HANDBALL (3),0.8,False,MERMOZ F13 | ISLE D'ABEAU SPORTS HANDBALL U13F | M13F DIV - ENTENTE LYON EST HANDBALL (3) | MARCY L ETOILE HB | MORNANT HBC | M13 FEM ST FONS | VENISSIEUX HANDBALL
Entente_Lyon_Est_Handball_A_M15_P1,Entente Lyon Est Handball,A,M15,F,P1,Excellence,6,https://www.ffhandball.fr/competitions/saison-2026-2027-22/regional/m15-ans-feminin-excellence-aura-30509/poule-190342/,M15F EXC - ENTENTE LYON EST HANDBALL,0.81,False,HBC ECHIROLLES-EYBENS | M15F EXC - ENTENTE BRON VILLEURBANNE | PAYS VOIRONNAIS HANDBALL 1 | M15F EXC - ENTENTE LYON EST HANDBALL | M15F EXC - PORTE DE L'ISERE | MEYLAN HANDBALL 1
Entente_Lyon_Est_Handball_B_M15_P1,Entente Lyon Est Handball,B,M15,F,P1,Div 1 AURA,2,https://www.ffhandball.fr/competitions/saison-2026-2027-22/regional/m15-ans-feminin-division-2-aura-30519/,M15F DIV - ENTENTE LYON EST HANDBALL (2),0.8,False,CALUIRE-RILLIEUX HANDBALL | CIVRIEUX HANDBALL CLUB | M15F DIV - ENTENTE LYON EST HANDBALL (2) | M15 FEM ST FONS | CHAPONNAY | COTIERE HANDBALL | AMPLEPUIS HAC | HBC CREMIEU -15F | QUINCIEUX HANDBALL
Entente_Est_Lyonnais_R_s_M15_P1,Entente Est Lyonnais,Rés.,M15,G,P1,Réserve,2,https://www.ffhandball.fr/competitions/saison-2026-2027-22/regional/m15-ans-masculin-reserves-aura-30505/poule-190254/,M15M EXC - ENTENTE EST LYONNAIS (RESERVE),0.84,False,M15M EXC - ENTENTE EST LYONNAIS (RESERVE) | ST GENIS LAVAL AL HANDBALL -15 RESERVE | VILLEURBANNE HANDBALL ASSOCIATION | M15M EXC - ENTENTE NORD ISERE (RESERVE) | UODL HANDBALL
Entente_Est_Lyonnais_B_M15_P1,Entente Est Lyonnais,B,M15,G,P1,Excellence,6,https://www.ffhandball.fr/competitions/saison-2026-2027-22/regional/m15-ans-masculin-excellence-aura-30504/poule-190328/,M15M EXC - ENTENTE EST LYONNAIS,0.87,False,SAINT GENIX AOSTE HB 1 | M15M CHAPONNAY | HANDBALL CLUB DE LYON | MERMOZ G15A | M15M EXC - ENTENTE EST LYONNAIS | BELLEY HBC
Entente_Lyon_Est_Handball_M16_P1,Entente Lyon Est Handball,,M16,F,P1,Excellence,3,https://www.ffhandball.fr/competitions/saison-2026-2027-22/regional/m16-ans-feminin-excellence-aura-30508/poule-190246/,M16F EXC - ENTENTE LYON EST HANDBALL,0.81,False,M16F EXC - ENTENTE POISY - ANNECY | ANNECY CSAV HANDBALL | CHAMBÉRY LA MOTTE SERVOLEX SAVOIE HANDBALL | M16F EXC - ENTENTE MEXIMIEUX MONTLUEL | M16F EXC - LYON OUEST HANDBALL | M16F EXC - ENTENTE LYON EST HANDBALL
Entente_Est_Lyonnais_M17_P1,Entente Est Lyonnais,,M17,G,P1,Excellence,2,https://www.ffhandball.fr/competitions/saison-2026-2027-22/regional/m17-ans-masculin-excellence-aura-30503/poule-190250/,M17M EXC - ENTENTE EST LYONNAIS,0.87,False,M17M EXC - LYON METROPOLE | M17M EXC - ENTENTE EST LYONNAIS | ST GENIS LAVAL AL HANDBALL -17 m aura | M17M EXC - ENTENTE NORD ISERE | UODL HANDBALL
Entente_Lyon_Est_Handball_A_M18_P1,Entente Lyon Est Handball,A,M18,F,P1,Excellence,4,https://www.ffhandball.fr/competitions/saison-2026-2027-22/regional/m18-ans-feminin-excellence-aura-30507/poule-190314/,M18F EXC - ENTENTE LYON EST HANDBALL - 1,0.8,False,M18F EXC - ENTENTE BRON VAULX EN VELIN VILLEURBANNE | ISLE D'ABEAU SPORTS HANDBALL U18F | M18F EXC - BOURGOIN JALLIEU VILLEFONTAINE | UODL HB | M18F EXC - ENTENTE LYON EST HANDBALL - 1 | MERMOZ F18
Entente_Lyon_Est_Handball_B_M18_P1,Entente Lyon Est Handball,B,M18,F,P1,Div 1 AURA,5,https://www.ffhandball.fr/competitions/saison-2026-2027-22/regional/m18-ans-feminin-division-1-aura-30514/,M18F DIV - ENTENTE LYON EST HANDBALL - 2,0.8,False,ST GENIS LAVAL AL HANDBALL 2 | M18F DIV - ENTENTE BRON-VAULX EN VELIN-VILLEURBANNE LYON METROPOLE | Civrieux Handball Club | AMBERIEU HBC | MARCY L ETOILE HB | M18F DIV - ENTENTE LYON EST HANDBALL - 2 | M18F DIV - UNION DES LIONNES | REVERMONT HANDBALL CLUB
Entente_Est_Lyonnais_A_M18_P1,Entente Est Lyonnais,A,M18,G,P1,Championnat de France,12,https://www.ffhandball.fr/competitions/saison-2026-2027-22/national/u18-masculins-2026-2027-32522/poule-190991/,ENT. EST-LYONNAIS - SAINT-PRIEST,0.85,False,SAINT RAPHAEL VHB | ENT. EST-LYONNAIS - SAINT-PRIEST | ISTRES PROVENCE HANDBALL | US CRAUROISE HANDBALL | UODL HANDBALL | MONTELIMAR CLUB HANDBALL
Entente_Est_Lyonnais_B_M18_P1,Entente Est Lyonnais,B,M18,G,P1,Excellence,3,https://www.ffhandball.fr/competitions/saison-2026-2027-22/regional/m18-ans-masculin-excellence-aura-30502/poule-190125/,ENTENTE EST-LYONNAIS - SAINT-PRIEST (U18),0.82,False,ENTENTE EST-LYONNAIS - SAINT-PRIEST (U18) | ROANNE RIORGES HANDBALL 1 | M18M EXC - ENTENTE NORD BEAUJOLAIS 1 | M18M EXC - ENTENTE LIMAS/VHB | CIVRIEUX HANDBALL CLUB | Trévoux - U18 Excellence
Entente_Lyon_Est_Handball_A_Seniors_P1,Entente Lyon Est Handball,A,Seniors,F,P1,Nationale 3,1,https://www.ffhandball.fr/competitions/saison-2026-2027-22/regional/nationale-3-feminine-aura-30494/,P16F N3 - ENTENTE LYON EST HANDBALL,0.81,False,CALUIRE RILLIEUX HANDBALL | AMBERIEU HBC | P16F N3 - ENTENTE LYON EST HANDBALL | ASUL VAULX-EN-VELIN | SAINT-FLOUR HANDBALL | HANDBALL CLERMONT AUVERGNE METROPOLE 63 | HANDBALL CLUB DE LYON | ST GENIS LAVAL AL HANDBALL 2 | ST CHAMOND HANDBALL PAYS DU GIER 2 | HBC LANGEAC | BLANZAT SPORT MONTLUCON | ST LAURENT DE CHAMOUSSET HBC
Entente_Lyon_Est_Handball_B_Seniors_P1,Entente Lyon Est Handball,B,Seniors,F,P1,Pré-Nationale,3,https://www.ffhandball.fr/competitions/saison-2026-2027-22/regional/prenationale-feminine-aura-30495/poule-190154/,P16F PNF - ENTENTE LYON EST HANDBALL,0.81,False,P16F PNF - PORTE DE L'ISERE | BELLEY HBC | HANDBALL CLUB BOURGETAIN | P16F PNF - ENTENTE LYON EST HANDBALL | SAINT GENIX - AOSTE HB | P16F PNF - ENTENTE BRON VILLEURBANNE | P16F PNF - ENTENTE MEXIMIEUX MONTLUEL | CS MORESTEL HANDBALL
