section,indice,categorie,phase,journée,date/heure,date_confirmee,domicile,extérieur,score,gymnase,ville,lien,adresse_complete
Entente Lyon Est Handball (F),,M16,,Amical,samedi 29 août 2026 à 15H00,True,Mendes,Entente Lyon Est Handball,28 - 20,,Saint-Germain Blavozy,,
Entente Lyon Est Handball (F),,M16,,Amical,samedi 29 août 2026 à 16H00,True,Entente Lyon Est Handball,Saint-Germain Blavozy Handball,21 - 36,,Saint-Germain Blavozy,,
Entente Villette Genas,C,M18,P1,Amical,vendredi 28 août 2026 à 21H00,True,Entente Villette Genas,Meximieux,35 - 24,Gymnase Daniel Carret,Janneyrias,,
Entente Lyon Est Handball (F),,M16,,Amical,samedi 5 septembre 2026 à 15H00,True,Entente Lyon Est Handball,Entente Lyon Ouest Handball,27 - 22,,Villette D'Anthon,,
Entente Lyon Est Handball (F),,M16,,Amical,samedi 5 septembre 2026 à 17H00,True,Entente Lyon Est Handball,RC Mermoz,36 - 16,,Villette D'Anthon,,
Entente Lyon Est Handball (F),A,M13,,Amical,samedi 5 septembre 2026 à 13H40,True,Entente Lyon Est Handball,UODL Tassin,7 - 6,Gymnase les genetieres,Tassin la demi lune,,
Entente Lyon Est Handball (F),A,M13,,Amical,samedi 5 septembre 2026 à 15H10,True,Entente Lyon Est Handball,Villeurbanne Handball Association,8 - 10,Gymnase les genetieres,Tassin la demi lune,,
Entente Lyon Est Handball (F),A,M13,,Amical,samedi 5 septembre 2026 à 16H40,True,Entente Lyon Est Handball,UODL Tassin,13 - 3,Gymnase les genetieres,Tassin la demi lune,,
Entente Lyon Est Handball (F),A,M13,,Amical,samedi 5 septembre 2026 à 17H40,True,Entente Lyon Est Handball,Caluire,16 - 0,Gymnase les genetieres,Tassin la demi lune,,
Entente Lyon Est Handball (F),B,M13,,Amical,samedi 12 septembre 2026 à 12H30,True,Entente Lyon Est Handball,Mermoz,9 - 20,Gymnase Maurice Garin,Villette d'Anthon,,
Entente Lyon Est Handball (F),C,M13,,Amical,samedi 12 septembre 2026 à 15H30,True,Entente Lyon Est Handball,Montluel,8 - 15,Gymnase Maurice Garin,Villette d'Anthon,,
Entente Lyon Est Handball (F),B,M13,,Amical,samedi 26 septembre 2026 à 16H00,True,Entente Lyon Est Handball,Chambéry - 2,10 - 6,Condorcet,Saint-Priest,,
Entente Lyon Est Handball (F),A,M13,,Amical,samedi 26 septembre 2026 à 14H00,True,Entente Lyon Est Handball,Chambéry - 1,16 - 25,Condorcet,Saint-Priest,,
Entente Villette Genas,A,M13,P1,1,samedi 12 septembre 2026 à 13H30,True,-13g1 US Meyzieu Handball,Entente Genas - Villette,15 - 25,Salle des Servizieres,Meyzieu,https://www.ffhandball.fr/competitions/saison-2026-2027-22/regional/m13-ans-masculin-excellence-aura-30506/poule-190357/rencontre-2653252/,"Salle des servizieres, RUE DU COLLEGE, Meyzieu"
Entente Villette Genas,A,M13,P1,3,dimanche 4 octobre 2026 à 10H30,True,Entente Genas - Villette,Chaponnay,,Halle des Sports,Genas,https://www.ffhandball.fr/competitions/saison-2026-2027-22/regional/m13-ans-masculin-excellence-aura-30506/poule-190357/rencontre-2653257/,"Halle des Sports, RUE DE LA FRATERNITE, Genas"
Entente Villette Genas,A,M13,P1,4,dimanche 11 octobre 2026 à 11H00,True,Entente Corbas - St Priest,Entente Genas - Villette,,Gymnase Condorcet,St Priest,https://www.ffhandball.fr/competitions/saison-2026-2027-22/regional/m13-ans-masculin-excellence-aura-30506/poule-190357/rencontre-2653262/,"Gymnase Condorcet, 20 BOULEVARD E ROSTAND, St Priest"
Entente Villette Genas,A,M13,P1,5,17 octobre 2026 au 18 octobre 2026,False,Entente Genas - Villette,CS Bourgoin Jallieu HB,,,,https://www.ffhandball.fr/competitions/saison-2026-2027-22/regional/m13-ans-masculin-excellence-aura-30506/poule-190357/rencontre-2653264/,
Entente Villette Genas,A,M13,P1,6,7 novembre 2026 au 8 novembre 2026,False,Entente Genas - Villette,-13g1 US Meyzieu Handball,,,,https://www.ffhandball.fr/competitions/saison-2026-2027-22/regional/m13-ans-masculin-excellence-aura-30506/poule-190357/rencontre-2653267/,
Entente Villette Genas,A,M13,P1,8,21 novembre 2026 au 21 novembre 2026,False,Chaponnay,Entente Genas - Villette,,Gymnase Lino Ventura,Chaponnay,https://www.ffhandball.fr/competitions/saison-2026-2027-22/regional/m13-ans-masculin-excellence-aura-30506/poule-190357/rencontre-2653272/,"Gymnase Lino Ventura, RUE DES FONTAINES, Chaponnay"
Entente Villette Genas,A,M13,P1,9,28 novembre 2026 au 29 novembre 2026,False,Entente Genas - Villette,Entente Corbas - St Priest,,,,https://www.ffhandball.fr/competitions/saison-2026-2027-22/regional/m13-ans-masculin-excellence-aura-30506/poule-190357/rencontre-2653277/,
Entente Villette Genas,A,M13,P1,10,samedi 5 décembre 2026 à 17H00,True,CS Bourgoin Jallieu HB,Entente Genas - Villette,,Palais des Sports,Bourgoin Jallieu,https://www.ffhandball.fr/competitions/saison-2026-2027-22/regional/m13-ans-masculin-excellence-aura-30506/poule-190357/rencontre-2653279/,"Palais des Sports, 1 RUE DES FRERES LUMIERES, Bourgoin Jallieu"
Entente Villette Genas,C,M15,P1,1,dimanche 13 septembre 2026 à 12H00,True,Entente Beaujolaise - 2,Entente Genas - Villette,30 - 32,Gymnase du Val de Saone,St Didier Sur Chalaronne,https://www.ffhandball.fr/competitions/saison-2026-2027-22/regional/m15-ans-masculin-excellence-aura-30504/poule-190326/rencontre-2652713/,"Gymnase du val de saone, AVENUE DES SPORTS, St didier sur chalaronne"
Entente Villette Genas,C,M15,P1,2,samedi 19 septembre 2026 à 13H30,True,Entente Genas - Villette,HB Gleize St Julien Denice - A,32 - 17,Halle des Sports,Genas,https://www.ffhandball.fr/competitions/saison-2026-2027-22/regional/m15-ans-masculin-excellence-aura-30504/poule-190326/rencontre-2652716/,"Halle des sports, RUE DE LA FRATERNITE, Genas"
Entente Villette Genas,C,M15,P1,4,samedi 10 octobre 2026 à 15H30,True,Mions Heyrieux,Entente Genas - Villette,,Complexe Sportif Mangetemps,Mions,https://www.ffhandball.fr/competitions/saison-2026-2027-22/regional/m15-ans-masculin-excellence-aura-30504/poule-190326/rencontre-2652721/,"Complexe Sportif Mangetemps, 64 rue mangetemps, Mions"
Entente Villette Genas,C,M15,P1,5,17 octobre 2026 au 18 octobre 2026,False,AS Genay Handball,Entente Genas - Villette,,Espace Henri Vicard,Genay,https://www.ffhandball.fr/competitions/saison-2026-2027-22/regional/m15-ans-masculin-excellence-aura-30504/poule-190326/rencontre-2652725/,"Espace Henri Vicard, RUE DES ECOLES, Genay"
Entente Villette Genas,C,M15,P1,6,7 novembre 2026 au 8 novembre 2026,False,Entente Genas - Villette,Entente Beaujolaise - 2,,,,https://www.ffhandball.fr/competitions/saison-2026-2027-22/regional/m15-ans-masculin-excellence-aura-30504/poule-190326/rencontre-2652728/,
Entente Villette Genas,C,M15,P1,7,14 novembre 2026 au 15 novembre 2026,False,HB Gleize St Julien Denice - A,Entente Genas - Villette,,,,https://www.ffhandball.fr/competitions/saison-2026-2027-22/regional/m15-ans-masculin-excellence-aura-30504/poule-190326/rencontre-2652731/,
Entente Villette Genas,C,M15,P1,9,28 novembre 2026 au 29 novembre 2026,False,Entente Genas - Villette,Mions Heyrieux,,,,https://www.ffhandball.fr/competitions/saison-2026-2027-22/regional/m15-ans-masculin-excellence-aura-30504/poule-190326/rencontre-2652736/,
Entente Villette Genas,C,M15,P1,10,5 décembre 2026 au 5 décembre 2026,False,Entente Genas - Villette,AS Genay Handball,,Halle des Sports,Genas,https://www.ffhandball.fr/competitions/saison-2026-2027-22/regional/m15-ans-masculin-excellence-aura-30504/poule-190326/rencontre-2652740/,"Halle des Sports, RUE DE LA FRATERNITE, Genas"
Entente Villette Genas,D,M18,P1,1,samedi 12 septembre 2026 à 17H00,True,Entente Genas-Villette - B,AS Genay Handball,38 - 48,Halle des Sports,Genas,https://www.ffhandball.fr/competitions/saison-2026-2027-22/regional/m18-ans-masculin-excellence-aura-30502/poule-190126/rencontre-2652203/,"Halle des sports, RUE DE LA FRATERNITE, Genas"
Entente Villette Genas,D,M18,P1,2,samedi 19 septembre 2026 à 17H00,True,Handball Bourg,Entente Genas-Villette - B,32 - 25,La Croix Blanche,Bourg en Bresse,https://www.ffhandball.fr/competitions/saison-2026-2027-22/regional/m18-ans-masculin-excellence-aura-30502/poule-190126/rencontre-2652204/,"La croix blanche, 52 RUE DES DIMES, Bourg en bresse"
Entente Villette Genas,D,M18,P1,4,samedi 10 octobre 2026 à 16H30,True,Entente Genas-Villette - B,Vaulx en Velin Handball Club,,Gymnase Maurice Garin,Villette D Anthon,https://www.ffhandball.fr/competitions/saison-2026-2027-22/regional/m18-ans-masculin-excellence-aura-30502/poule-190126/rencontre-2652210/,"Gymnase Maurice Garin, RUE DES FAUVETTES, Villette D Anthon"
Entente Villette Genas,D,M18,P1,5,samedi 17 octobre 2026 à 20H00,True,Cotiere Handball,Entente Genas-Villette - B,,Gymnase de La Chanal,Miribel,https://www.ffhandball.fr/competitions/saison-2026-2027-22/regional/m18-ans-masculin-excellence-aura-30502/poule-190126/rencontre-2652214/,"Gymnase de La Chanal, 200 rue de la tuilliere, Miribel"
Entente Villette Genas,D,M18,P1,6,7 novembre 2026 au 8 novembre 2026,False,AS Genay Handball,Entente Genas-Villette - B,,,,https://www.ffhandball.fr/competitions/saison-2026-2027-22/regional/m18-ans-masculin-excellence-aura-30502/poule-190126/rencontre-2652218/,
Entente Villette Genas,D,M18,P1,7,14 novembre 2026 au 15 novembre 2026,False,Entente Genas-Villette - B,Handball Bourg,,,,https://www.ffhandball.fr/competitions/saison-2026-2027-22/regional/m18-ans-masculin-excellence-aura-30502/poule-190126/rencontre-2652219/,
Entente Villette Genas,D,M18,P1,9,samedi 28 novembre 2026 à 18H00,True,Vaulx en Velin Handball Club,Entente Genas-Villette - B,,Gymnase J.j Rousseau,Vaulx en Velin,https://www.ffhandball.fr/competitions/saison-2026-2027-22/regional/m18-ans-masculin-excellence-aura-30502/poule-190126/rencontre-2652225/,"Gymnase J.j Rousseau, RUE HO CHI MINH, Vaulx en Velin"
Entente Villette Genas,D,M18,P1,10,5 décembre 2026 au 6 décembre 2026,False,Entente Genas-Villette - B,Cotiere Handball,,,,https://www.ffhandball.fr/competitions/saison-2026-2027-22/regional/m18-ans-masculin-excellence-aura-30502/poule-190126/rencontre-2652229/,
Entente Villette Genas,C,M18,P1,1,samedi 12 septembre 2026 à 19H00,True,Entente Genas - Villette,CS Bourgoin Jallieu HB,46 - 25,Halle des Sports,Genas,https://www.ffhandball.fr/competitions/saison-2026-2027-22/regional/m18-ans-masculin-excellence-aura-30502/poule-190132/rencontre-2652382/,"Halle des sports, RUE DE LA FRATERNITE, Genas"
Entente Villette Genas,C,M18,P1,3,samedi 3 octobre 2026 à 18H00,True,Entente Genas - Villette,Entente Corbas - St Priest - Chaponnay,,Gymnase Maurice Garin,Villette D Anthon,https://www.ffhandball.fr/competitions/saison-2026-2027-22/regional/m18-ans-masculin-excellence-aura-30502/poule-190132/rencontre-2652388/,"Gymnase Maurice Garin, RUE DES FAUVETTES, Villette D Anthon"
Entente Villette Genas,C,M18,P1,4,dimanche 11 octobre 2026 à 16H00,True,Handball Club de Lyon,Entente Genas - Villette,,Matthias Favier,Lyon 9e,https://www.ffhandball.fr/competitions/saison-2026-2027-22/regional/m18-ans-masculin-excellence-aura-30502/poule-190132/rencontre-2652390/,"Matthias Favier, 2 PLACE SCHONBERG, Lyon 9e"
Entente Villette Genas,C,M18,P1,5,samedi 17 octobre 2026 à 14H30,True,Entente Genas - Villette,Pays Voironnais Handball - 1,,Halle des Sports,Genas,https://www.ffhandball.fr/competitions/saison-2026-2027-22/regional/m18-ans-masculin-excellence-aura-30502/poule-190132/rencontre-2652393/,"Halle des Sports, RUE DE LA FRATERNITE, Genas"
Entente Villette Genas,C,M18,P1,6,samedi 7 novembre 2026 à 18H30,True,CS Bourgoin Jallieu HB,Entente Genas - Villette,,Palais des Sports,Bourgoin Jallieu,https://www.ffhandball.fr/competitions/saison-2026-2027-22/regional/m18-ans-masculin-excellence-aura-30502/poule-190132/rencontre-2652397/,"Palais des Sports, 1 RUE DES FRERES LUMIERES, Bourgoin Jallieu"
Entente Villette Genas,C,M18,P1,8,samedi 21 novembre 2026 à 18H00,True,Entente Corbas - St Priest - Chaponnay,Entente Genas - Villette,,Jean Jaures,Corbas,https://www.ffhandball.fr/competitions/saison-2026-2027-22/regional/m18-ans-masculin-excellence-aura-30502/poule-190132/rencontre-2652403/,"Jean Jaures, CHEMIN DE GRANGE BLANCHE, Corbas"
Entente Villette Genas,C,M18,P1,9,28 novembre 2026 au 29 novembre 2026,False,Entente Genas - Villette,Handball Club de Lyon,,,,https://www.ffhandball.fr/competitions/saison-2026-2027-22/regional/m18-ans-masculin-excellence-aura-30502/poule-190132/rencontre-2652405/,
Entente Villette Genas,C,M18,P1,10,5 décembre 2026 au 6 décembre 2026,False,Pays Voironnais Handball - 1,Entente Genas - Villette,,,,https://www.ffhandball.fr/competitions/saison-2026-2027-22/regional/m18-ans-masculin-excellence-aura-30502/poule-190132/rencontre-2652408/,
Sporting Villette,A,M11,P1,1,samedi 3 octobre 2026 à 14H00,True,Es Genas Azieu HB - 1,Sporting Villette Int,,Halle des Sports,Genas,https://www.ffhandball.fr/competitions/saison-2026-2027-22/departemental/championnat-masculin-11-32912/poule-197208/rencontre-2733420/,"Halle des Sports, RUE DE LA FRATERNITE, Genas"
Sporting Villette,A,M11,P1,2,samedi 10 octobre 2026 à 15H00,True,Sporting Villette Int,Chaponnay,,Gymnase Maurice Garin,Villette D Anthon,https://www.ffhandball.fr/competitions/saison-2026-2027-22/departemental/championnat-masculin-11-32912/poule-197208/rencontre-2733425/,"Gymnase Maurice Garin, RUE DES FAUVETTES, Villette D Anthon"
Sporting Villette,A,M11,P1,3,7 novembre 2026 au 8 novembre 2026,False,-11g2 US Meyzieu Handball,Sporting Villette Int,,,,https://www.ffhandball.fr/competitions/saison-2026-2027-22/departemental/championnat-masculin-11-32912/poule-197208/rencontre-2733430/,
Sporting Villette,A,M11,P1,5,21 novembre 2026 au 22 novembre 2026,False,St Priest Handball Intermediaire,Sporting Villette Int,,,,https://www.ffhandball.fr/competitions/saison-2026-2027-22/departemental/championnat-masculin-11-32912/poule-197208/rencontre-2733437/,
Sporting Villette,A,M11,P1,6,28 novembre 2026 au 29 novembre 2026,False,Sporting Villette Int,HBC Corbas,,,,https://www.ffhandball.fr/competitions/saison-2026-2027-22/departemental/championnat-masculin-11-32912/poule-197208/rencontre-2733440/,
Sporting Villette,A,M11,P1,7,5 décembre 2026 au 6 décembre 2026,False,HBC Cremieu -11m,Sporting Villette Int,,,,https://www.ffhandball.fr/competitions/saison-2026-2027-22/departemental/championnat-masculin-11-32912/poule-197208/rencontre-2733443/,
Sporting Villette,B,M11,P1,1,samedi 3 octobre 2026 à 14H00,True,Decines Handball Club,Sporting Villette Dec,,Gymnase Charlie Chaplin,Decines Charpieu,https://www.ffhandball.fr/competitions/saison-2026-2027-22/departemental/championnat-masculin-11-32912/poule-197216/rencontre-2733338/,"Gymnase Charlie Chaplin, 13 RUE MARCEL THERRAS, Decines Charpieu"
Sporting Villette,B,M11,P1,2,samedi 10 octobre 2026 à 13H30,True,Sporting Villette Dec,Venissieux Handball,,Gymnase Maurice Garin,Villette D Anthon,https://www.ffhandball.fr/competitions/saison-2026-2027-22/departemental/championnat-masculin-11-32912/poule-197216/rencontre-2733342/,"Gymnase Maurice Garin, RUE DES FAUVETTES, Villette D Anthon"
Sporting Villette,B,M11,P1,4,14 novembre 2026 au 15 novembre 2026,False,Sporting Villette Dec,HBC Echalas Dec - 2,,,,https://www.ffhandball.fr/competitions/saison-2026-2027-22/departemental/championnat-masculin-11-32912/poule-197216/rencontre-2733348/,
Sporting Villette,B,M11,P1,5,21 novembre 2026 au 22 novembre 2026,False,Bron Handball,Sporting Villette Dec,,,,https://www.ffhandball.fr/competitions/saison-2026-2027-22/departemental/championnat-masculin-11-32912/poule-197216/rencontre-2733351/,
Sporting Villette,B,M11,P1,6,28 novembre 2026 au 29 novembre 2026,False,St Priest Handball,Sporting Villette Dec,,,,https://www.ffhandball.fr/competitions/saison-2026-2027-22/departemental/championnat-masculin-11-32912/poule-197216/rencontre-2733356/,
Sporting Villette,B,M11,P1,7,5 décembre 2026 au 6 décembre 2026,False,Sporting Villette Dec,Es Genas Azieu HB - 3,,,,https://www.ffhandball.fr/competitions/saison-2026-2027-22/departemental/championnat-masculin-11-32912/poule-197216/rencontre-2733361/,
Entente Villette Genas,B,M13,P1,2,dimanche 11 octobre 2026 à 12H30,True,Div Rte - Entente Genas - Villette - 2,Chatillon Vaillante Handball,,Halle des Sports,Genas,https://www.ffhandball.fr/competitions/saison-2026-2027-22/regional/m13-ans-masculin-division-1-aura-30513/poule-196989/rencontre-2731112/,"Halle des Sports, RUE DE LA FRATERNITE, Genas"
Entente Villette Genas,B,M13,P1,3,samedi 17 octobre 2026 à 13H00,True,Handball Gleize Saint Julien Denice,Div Rte - Entente Genas - Villette - 2,,St Roch,Gleize,https://www.ffhandball.fr/competitions/saison-2026-2027-22/regional/m13-ans-masculin-division-1-aura-30513/poule-196989/rencontre-2731116/,"St Roch, RUE DES PEUPLIERS, Gleize"
Entente Villette Genas,B,M13,P1,4,7 novembre 2026 au 8 novembre 2026,False,Div Rte - Entente Genas - Villette - 2,Entente Nord Beaujolais - 2,,,,https://www.ffhandball.fr/competitions/saison-2026-2027-22/regional/m13-ans-masculin-division-1-aura-30513/poule-196989/rencontre-2731124/,
Entente Villette Genas,B,M13,P1,5,14 novembre 2026 au 15 novembre 2026,False,Lyon Handball Division,Div Rte - Entente Genas - Villette - 2,,,,https://www.ffhandball.fr/competitions/saison-2026-2027-22/regional/m13-ans-masculin-division-1-aura-30513/poule-196989/rencontre-2731129/,
Entente Villette Genas,B,M13,P1,6,28 novembre 2026 au 29 novembre 2026,False,Div Rte - Entente Genas - Villette - 2,UODL Handball - 2,,,,https://www.ffhandball.fr/competitions/saison-2026-2027-22/regional/m13-ans-masculin-division-1-aura-30513/poule-196989/rencontre-2731134/,
Entente Villette Genas,B,M13,P1,7,5 décembre 2026 au 6 décembre 2026,False,AS Genay Handball,Div Rte - Entente Genas - Villette - 2,,,,https://www.ffhandball.fr/competitions/saison-2026-2027-22/regional/m13-ans-masculin-division-1-aura-30513/poule-196989/rencontre-2731140/,
Entente Villette Genas,C,M13,P1,1,samedi 3 octobre 2026 à 16H30,True,Rte Entente Genas-Villette - 3,HBC Cremieu -13g,,Gymnase Maurice Garin,Villette D Anthon,https://www.ffhandball.fr/competitions/saison-2026-2027-22/regional/m13-ans-masculin-division-1-aura-30513/poule-196991/rencontre-2731185/,"Gymnase Maurice Garin, RUE DES FAUVETTES, Villette D Anthon"
Entente Villette Genas,C,M13,P1,2,10 octobre 2026 au 11 octobre 2026,False,Venissieux Handball,Rte Entente Genas-Villette - 3,,,,https://www.ffhandball.fr/competitions/saison-2026-2027-22/regional/m13-ans-masculin-division-1-aura-30513/poule-196991/rencontre-2731191/,
Entente Villette Genas,C,M13,P1,3,samedi 17 octobre 2026 à 13H30,True,Rte Entente Genas-Villette - 3,Vaulx en Velin Handball Club,,Gymnase Maurice Garin,Villette D Anthon,https://www.ffhandball.fr/competitions/saison-2026-2027-22/regional/m13-ans-masculin-division-1-aura-30513/poule-196991/rencontre-2731195/,"Gymnase Maurice Garin, RUE DES FAUVETTES, Villette D Anthon"
Entente Villette Genas,C,M13,P1,4,7 novembre 2026 au 8 novembre 2026,False,Caluire-Rillieux Handball - 2,Rte Entente Genas-Villette - 3,,,,https://www.ffhandball.fr/competitions/saison-2026-2027-22/regional/m13-ans-masculin-division-1-aura-30513/poule-196991/rencontre-2731202/,
Entente Villette Genas,C,M13,P1,5,14 novembre 2026 au 15 novembre 2026,False,Rte Entente Genas-Villette - 3,Mions Handball,,,,https://www.ffhandball.fr/competitions/saison-2026-2027-22/regional/m13-ans-masculin-division-1-aura-30513/poule-196991/rencontre-2731208/,
Entente Villette Genas,C,M13,P1,6,samedi 28 novembre 2026 à 13H00,True,Entente Bourgoin/villefontaine,Rte Entente Genas-Villette - 3,,Champ Fleuri,Bourgoin Jallieu,https://www.ffhandball.fr/competitions/saison-2026-2027-22/regional/m13-ans-masculin-division-1-aura-30513/poule-196991/rencontre-2731214/,"Champ Fleuri, 38 RUE GEORGES CUVIER, Bourgoin Jallieu"
Entente Villette Genas,C,M13,P1,7,5 décembre 2026 au 6 décembre 2026,False,Rte Entente Genas-Villette - 3,Isle d'Abeau Sports Handball,,,,https://www.ffhandball.fr/competitions/saison-2026-2027-22/regional/m13-ans-masculin-division-1-aura-30513/poule-196991/rencontre-2731221/,
Entente Villette Genas,D,M15,P1,1,dimanche 4 octobre 2026 à 11H30,True,St Genis Laval Al Handball -15m Div - 1,Rte Entente Genas - Villette - 2,,Gymnase l'Equinoxe,St Genis Laval,https://www.ffhandball.fr/competitions/saison-2026-2027-22/regional/m15-ans-masculin-division-1-aura-30512/poule-196976/rencontre-2730872/,"Gymnase l'Equinoxe, 26 ALLEE DE L'EQUINOXE, St Genis Laval"
Entente Villette Genas,D,M15,P1,2,dimanche 11 octobre 2026 à 14H15,True,Rte Entente Genas - Villette - 2,Mions Heyrieux,,Halle des Sports,Genas,https://www.ffhandball.fr/competitions/saison-2026-2027-22/regional/m15-ans-masculin-division-1-aura-30512/poule-196976/rencontre-2730876/,"Halle des Sports, RUE DE LA FRATERNITE, Genas"
Entente Villette Genas,D,M15,P1,3,dimanche 18 octobre 2026 à 09H30,True,Caluire-Rillieux Handball - 2,Rte Entente Genas - Villette - 2,,Gymnase Charles Senard,Caluire et Cuire,https://www.ffhandball.fr/competitions/saison-2026-2027-22/regional/m15-ans-masculin-division-1-aura-30512/poule-196976/rencontre-2730883/,"Gymnase Charles Senard, RUE DE MARGNOLLES, Caluire et Cuire"
Entente Villette Genas,D,M15,P1,4,7 novembre 2026 au 8 novembre 2026,False,Rte Entente Genas - Villette - 2,Vaulx en Velin Handball Club,,,,https://www.ffhandball.fr/competitions/saison-2026-2027-22/regional/m15-ans-masculin-division-1-aura-30512/poule-196976/rencontre-2730888/,
Entente Villette Genas,D,M15,P1,5,14 novembre 2026 au 15 novembre 2026,False,Lyon Handball Division,Rte Entente Genas - Villette - 2,,,,https://www.ffhandball.fr/competitions/saison-2026-2027-22/regional/m15-ans-masculin-division-1-aura-30512/poule-196976/rencontre-2730894/,
Entente Villette Genas,D,M15,P1,6,28 novembre 2026 au 29 novembre 2026,False,UODL Handball - 2,Rte Entente Genas - Villette - 2,,,,https://www.ffhandball.fr/competitions/saison-2026-2027-22/regional/m15-ans-masculin-division-1-aura-30512/poule-196976/rencontre-2730903/,
Entente Villette Genas,D,M15,P1,7,5 décembre 2026 au 6 décembre 2026,False,Rte Entente Genas - Villette - 2,Marcy L Etoile HB,,,,https://www.ffhandball.fr/competitions/saison-2026-2027-22/regional/m15-ans-masculin-division-1-aura-30512/poule-196976/rencontre-2730906/,
Entente Villette Genas,E,M15,P1,2,samedi 10 octobre 2026 à 16H30,True,Entente Limas/vhb Div,Rte Entente Genas-Villette - 4,,Gymnase Hubert Boulaud,Limas,https://www.ffhandball.fr/competitions/saison-2026-2027-22/regional/m15-ans-masculin-division-1-aura-30512/poule-196979/rencontre-2730917/,"Gymnase Hubert Boulaud, 50 RUE DU STADE, Limas"
Entente Villette Genas,E,M15,P1,3,samedi 17 octobre 2026 à 13H00,True,Rte Entente Genas-Villette - 4,Civrieux HB,,Halle des Sports,Genas,https://www.ffhandball.fr/competitions/saison-2026-2027-22/regional/m15-ans-masculin-division-1-aura-30512/poule-196979/rencontre-2730923/,"Halle des Sports, RUE DE LA FRATERNITE, Genas"
Entente Villette Genas,E,M15,P1,4,7 novembre 2026 au 8 novembre 2026,False,Cotiere Handball - 2,Rte Entente Genas-Villette - 4,,,,https://www.ffhandball.fr/competitions/saison-2026-2027-22/regional/m15-ans-masculin-division-1-aura-30512/poule-196979/rencontre-2730927/,
Entente Villette Genas,E,M15,P1,5,14 novembre 2026 au 15 novembre 2026,False,Meximieux Handball M15g2,Rte Entente Genas-Villette - 4,,,,https://www.ffhandball.fr/competitions/saison-2026-2027-22/regional/m15-ans-masculin-division-1-aura-30512/poule-196979/rencontre-2730936/,
Entente Villette Genas,E,M15,P1,6,28 novembre 2026 au 29 novembre 2026,False,Rte Entente Genas-Villette - 4,AS Genay Handball,,,,https://www.ffhandball.fr/competitions/saison-2026-2027-22/regional/m15-ans-masculin-division-1-aura-30512/poule-196979/rencontre-2730941/,
Entente Villette Genas,E,M15,P1,7,5 décembre 2026 au 6 décembre 2026,False,Racing Club Montluel Handball,Rte Entente Genas-Villette - 4,,,,https://www.ffhandball.fr/competitions/saison-2026-2027-22/regional/m15-ans-masculin-division-1-aura-30512/poule-196979/rencontre-2730947/,
Entente Villette Genas,F,M15,P1,1,samedi 3 octobre 2026 à 15H00,True,Rte Entente Genas Villette - 3,St Genis Laval Al Handball - 3,,Gymnase Maurice Garin,Villette D Anthon,https://www.ffhandball.fr/competitions/saison-2026-2027-22/regional/m15-ans-masculin-division-2-aura-30517/poule-197173/rencontre-2732801/,"Gymnase Maurice Garin, RUE DES FAUVETTES, Villette D Anthon"
Entente Villette Genas,F,M15,P1,2,samedi 10 octobre 2026 à 15H00,True,Entente Nord Beaujolais - 2,Rte Entente Genas Villette - 3,,Gymnase du Val de Saone,St Didier Sur Chalaronne,https://www.ffhandball.fr/competitions/saison-2026-2027-22/regional/m15-ans-masculin-division-2-aura-30517/poule-197173/rencontre-2732802/,"Gymnase du Val de Saone, AVENUE DES SPORTS, St Didier Sur Chalaronne"
Entente Villette Genas,F,M15,P1,3,7 novembre 2026 au 8 novembre 2026,False,Rte Entente Genas Villette - 3,Mornant HBC,,,,https://www.ffhandball.fr/competitions/saison-2026-2027-22/regional/m15-ans-masculin-division-2-aura-30517/poule-197173/rencontre-2732805/,
Entente Villette Genas,F,M15,P1,4,samedi 14 novembre 2026 à 18H30,True,Mornant HBC,Rte Entente Genas Villette - 3,,Gymnase de La Tannerie,Mornant,https://www.ffhandball.fr/competitions/saison-2026-2027-22/regional/m15-ans-masculin-division-2-aura-30517/poule-197173/rencontre-2732807/,"Gymnase de La Tannerie, CHEMIN DE LA TANNERIE, Mornant"
Entente Villette Genas,F,M15,P1,5,28 novembre 2026 au 29 novembre 2026,False,Rte Entente Genas Villette - 3,Entente Nord Beaujolais - 2,,,,https://www.ffhandball.fr/competitions/saison-2026-2027-22/regional/m15-ans-masculin-division-2-aura-30517/poule-197173/rencontre-2732808/,
Entente Villette Genas,F,M15,P1,6,5 décembre 2026 au 6 décembre 2026,False,St Genis Laval Al Handball - 3,Rte Entente Genas Villette - 3,,,,https://www.ffhandball.fr/competitions/saison-2026-2027-22/regional/m15-ans-masculin-division-2-aura-30517/poule-197173/rencontre-2732811/,
Sporting Villette,A,Seniors,P1,1,samedi 3 octobre 2026 à 20H15,True,Sporting Villette,Saint Genix Aoste HB - 2,,Gymnase Maurice Garin,Villette D Anthon,https://www.ffhandball.fr/competitions/saison-2026-2027-22/regional/2eme-division-masculine-p16-aura-30501/poule-196314/rencontre-2727227/,"Gymnase Maurice Garin, RUE DES FAUVETTES, Villette D Anthon"
Sporting Villette,A,Seniors,P1,2,samedi 10 octobre 2026 à 18H30,True,Isle d'Abeau Seniors Garcons - 2,Sporting Villette,,Gymnase Saint Hubert,L Isle D Abeau,https://www.ffhandball.fr/competitions/saison-2026-2027-22/regional/2eme-division-masculine-p16-aura-30501/poule-196314/rencontre-2727232/,"Gymnase Saint Hubert, BOULEVARD SAINT HUBERT, L Isle D Abeau"
Sporting Villette,A,Seniors,P1,3,7 novembre 2026 au 8 novembre 2026,False,Sporting Villette,Es Genas Azieu Handball,,,,https://www.ffhandball.fr/competitions/saison-2026-2027-22/regional/2eme-division-masculine-p16-aura-30501/poule-196314/rencontre-2727237/,
Sporting Villette,A,Seniors,P1,4,14 novembre 2026 au 15 novembre 2026,False,Pays Viennois HBC,Sporting Villette,,,,https://www.ffhandball.fr/competitions/saison-2026-2027-22/regional/2eme-division-masculine-p16-aura-30501/poule-196314/rencontre-2727239/,
Sporting Villette,A,Seniors,P1,5,28 novembre 2026 au 29 novembre 2026,False,Sporting Villette,AS HB Villefontaine,,,,https://www.ffhandball.fr/competitions/saison-2026-2027-22/regional/2eme-division-masculine-p16-aura-30501/poule-196314/rencontre-2727247/,
Sporting Villette,A,Seniors,P1,6,5 décembre 2026 au 6 décembre 2026,False,CS Morestel Handball,Sporting Villette,,,,https://www.ffhandball.fr/competitions/saison-2026-2027-22/regional/2eme-division-masculine-p16-aura-30501/poule-196314/rencontre-2727252/,
Sporting Villette,A,Seniors,P1,7,12 décembre 2026 au 13 décembre 2026,False,Sporting Villette,Co St Fons Sm,,,,https://www.ffhandball.fr/competitions/saison-2026-2027-22/regional/2eme-division-masculine-p16-aura-30501/poule-196314/rencontre-2727257/,
Sporting Villette,A,Seniors,P1,9,23 janvier 2027 au 24 janvier 2027,False,Sporting Villette,Mermoz Sm4,,,,https://www.ffhandball.fr/competitions/saison-2026-2027-22/regional/2eme-division-masculine-p16-aura-30501/poule-196314/rencontre-2727267/,
Sporting Villette,A,Seniors,P1,10,30 janvier 2027 au 31 janvier 2027,False,Saint Genix Aoste HB - 2,Sporting Villette,,,,https://www.ffhandball.fr/competitions/saison-2026-2027-22/regional/2eme-division-masculine-p16-aura-30501/poule-196314/rencontre-2727272/,
Sporting Villette,A,Seniors,P1,11,6 février 2027 au 7 février 2027,False,Sporting Villette,Isle d'Abeau Seniors Garcons - 2,,,,https://www.ffhandball.fr/competitions/saison-2026-2027-22/regional/2eme-division-masculine-p16-aura-30501/poule-196314/rencontre-2727277/,
Sporting Villette,A,Seniors,P1,12,6 mars 2027 au 7 mars 2027,False,Es Genas Azieu Handball,Sporting Villette,,,,https://www.ffhandball.fr/competitions/saison-2026-2027-22/regional/2eme-division-masculine-p16-aura-30501/poule-196314/rencontre-2727282/,
Sporting Villette,A,Seniors,P1,13,13 mars 2027 au 14 mars 2027,False,Sporting Villette,Pays Viennois HBC,,,,https://www.ffhandball.fr/competitions/saison-2026-2027-22/regional/2eme-division-masculine-p16-aura-30501/poule-196314/rencontre-2727284/,
Sporting Villette,A,Seniors,P1,14,samedi 20 mars 2027 à 18H00,True,AS HB Villefontaine,Sporting Villette,,Alain Colas,Villefontaine,https://www.ffhandball.fr/competitions/saison-2026-2027-22/regional/2eme-division-masculine-p16-aura-30501/poule-196314/rencontre-2727292/,"Alain Colas, RUE DU MIDI, Villefontaine"
Sporting Villette,A,Seniors,P1,15,3 avril 2027 au 4 avril 2027,False,Sporting Villette,CS Morestel Handball,,,,https://www.ffhandball.fr/competitions/saison-2026-2027-22/regional/2eme-division-masculine-p16-aura-30501/poule-196314/rencontre-2727297/,
Sporting Villette,A,Seniors,P1,16,1 mai 2027 au 2 mai 2027,False,Co St Fons Sm,Sporting Villette,,,,https://www.ffhandball.fr/competitions/saison-2026-2027-22/regional/2eme-division-masculine-p16-aura-30501/poule-196314/rencontre-2727302/,
Sporting Villette,A,Seniors,P1,18,29 mai 2027 au 30 mai 2027,False,Mermoz Sm4,Sporting Villette,,,,https://www.ffhandball.fr/competitions/saison-2026-2027-22/regional/2eme-division-masculine-p16-aura-30501/poule-196314/rencontre-2727312/,
Entente Lyon Est Handball,A,M11,P1,1,samedi 3 octobre 2026 à 14H00,True,11f1 Entente Lyon Est Handball,Handball Gleize Saint Julien Denice,,Salle des Servizieres,Meyzieu,https://www.ffhandball.fr/competitions/saison-2026-2027-22/departemental/championnat-feminin-11-33382/poule-197316/rencontre-2734497/,"Salle des Servizieres, RUE DU COLLEGE, Meyzieu"
Entente Lyon Est Handball,A,M11,P1,2,samedi 10 octobre 2026 à 14H00,True,Mermoz F11a,11f1 Entente Lyon Est Handball,,Gymnase Dargent,Lyon 8e,https://www.ffhandball.fr/competitions/saison-2026-2027-22/departemental/championnat-feminin-11-33382/poule-197316/rencontre-2734500/,"Gymnase Dargent, 51 RUE PROF SISLEY, Lyon 8e"
Entente Lyon Est Handball,A,M11,P1,4,14 novembre 2026 au 15 novembre 2026,False,11f1 Entente Lyon Est Handball,Handball Club de Chaponnay,,,,https://www.ffhandball.fr/competitions/saison-2026-2027-22/departemental/championnat-feminin-11-33382/poule-197316/rencontre-2734506/,
Entente Lyon Est Handball,A,M11,P1,5,21 novembre 2026 au 22 novembre 2026,False,Handball Club de Lyon,11f1 Entente Lyon Est Handball,,,,https://www.ffhandball.fr/competitions/saison-2026-2027-22/departemental/championnat-feminin-11-33382/poule-197316/rencontre-2734511/,
Entente Lyon Est Handball,A,M11,P1,7,5 décembre 2026 au 6 décembre 2026,False,UODL Handball,11f1 Entente Lyon Est Handball,,,,https://www.ffhandball.fr/competitions/saison-2026-2027-22/departemental/championnat-feminin-11-33382/poule-197316/rencontre-2734521/,
Entente Lyon Est Handball,A,M13,P1,1,samedi 12 septembre 2026 à 14H00,True,Entente Lyon Est Handball - 1,HBC St Laurent de Chamousset,24 - 12,Gymnase Maurice Garin,Villette D Anthon,https://www.ffhandball.fr/competitions/saison-2026-2027-22/regional/m13-ans-feminin-excellence-aura-30510/poule-190367/rencontre-2654091/,"Gymnase maurice garin, RUE DES FAUVETTES, Villette d anthon"
Entente Lyon Est Handball,A,M13,P1,3,samedi 3 octobre 2026 à 13H30,True,Entente Lyon Est Handball - 1,Villeurbanne Handball Association,,Gymnase Condorcet,St Priest,https://www.ffhandball.fr/competitions/saison-2026-2027-22/regional/m13-ans-feminin-excellence-aura-30510/poule-190367/rencontre-2654099/,"Gymnase Condorcet, 20 BOULEVARD E ROSTAND, St Priest"
Entente Lyon Est Handball,A,M13,P1,4,samedi 10 octobre 2026 à 14H30,True,Entente Lyon Est Handball - 1,Caluire-Rillieux Handball,,Halle des Sports,Genas,https://www.ffhandball.fr/competitions/saison-2026-2027-22/regional/m13-ans-feminin-excellence-aura-30510/poule-190367/rencontre-2654101/,"Halle des Sports, RUE DE LA FRATERNITE, Genas"
Entente Lyon Est Handball,A,M13,P1,5,dimanche 18 octobre 2026 à 11H00,True,ASUL Vaulx-En-Velin,Entente Lyon Est Handball - 1,,Gymnase J.j Rousseau,Vaulx en Velin,https://www.ffhandball.fr/competitions/saison-2026-2027-22/regional/m13-ans-feminin-excellence-aura-30510/poule-190367/rencontre-2654103/,"Gymnase J.j Rousseau, RUE HO CHI MINH, Vaulx en Velin"
Entente Lyon Est Handball,A,M13,P1,6,7 novembre 2026 au 8 novembre 2026,False,HBC St Laurent de Chamousset,Entente Lyon Est Handball - 1,,,,https://www.ffhandball.fr/competitions/saison-2026-2027-22/regional/m13-ans-feminin-excellence-aura-30510/poule-190367/rencontre-2654106/,
Entente Lyon Est Handball,A,M13,P1,8,samedi 21 novembre 2026 à 13H30,True,Villeurbanne Handball Association,Entente Lyon Est Handball - 1,,Salle des Gratte Ciel,Villeurbanne,https://www.ffhandball.fr/competitions/saison-2026-2027-22/regional/m13-ans-feminin-excellence-aura-30510/poule-190367/rencontre-2654114/,"Salle des Gratte Ciel, 98 RUE FRANCIS DE PRESSENSE, Villeurbanne"
Entente Lyon Est Handball,A,M13,P1,9,28 novembre 2026 au 29 novembre 2026,False,Caluire-Rillieux Handball,Entente Lyon Est Handball - 1,,,,https://www.ffhandball.fr/competitions/saison-2026-2027-22/regional/m13-ans-feminin-excellence-aura-30510/poule-190367/rencontre-2654116/,
Entente Lyon Est Handball,A,M13,P1,10,5 décembre 2026 au 5 décembre 2026,False,Entente Lyon Est Handball - 1,ASUL Vaulx-En-Velin,,,,https://www.ffhandball.fr/competitions/saison-2026-2027-22/regional/m13-ans-feminin-excellence-aura-30510/poule-190367/rencontre-2654118/,
Entente Lyon Est Handball,B,M13,P1,2,dimanche 11 octobre 2026 à 10H00,True,ASUL Vaulx-En-Velin,Entente Lyon Est Handball - 2,,Gymnase J.j Rousseau,Vaulx en Velin,https://www.ffhandball.fr/competitions/saison-2026-2027-22/regional/m13-ans-feminin-division-1-aura-30516/poule-197027/rencontre-2732050/,"Gymnase J.j Rousseau, RUE HO CHI MINH, Vaulx en Velin"
Entente Lyon Est Handball,B,M13,P1,3,samedi 17 octobre 2026 à 15H15,True,Entente Lyon Est Handball - 2,HB Gleize St Julien Denice - B,,Salle des Servizieres,Meyzieu,https://www.ffhandball.fr/competitions/saison-2026-2027-22/regional/m13-ans-feminin-division-1-aura-30516/poule-197027/rencontre-2732056/,"Salle des Servizieres, RUE DU COLLEGE, Meyzieu"
Entente Lyon Est Handball,B,M13,P1,4,7 novembre 2026 au 8 novembre 2026,False,Entente Lyon Est Handball - 2,Bron Handball,,,,https://www.ffhandball.fr/competitions/saison-2026-2027-22/regional/m13-ans-feminin-division-1-aura-30516/poule-197027/rencontre-2732065/,
Entente Lyon Est Handball,B,M13,P1,5,14 novembre 2026 au 15 novembre 2026,False,Civrieux Handball Club,Entente Lyon Est Handball - 2,,,,https://www.ffhandball.fr/competitions/saison-2026-2027-22/regional/m13-ans-feminin-division-1-aura-30516/poule-197027/rencontre-2732070/,
Entente Lyon Est Handball,B,M13,P1,6,28 novembre 2026 au 29 novembre 2026,False,Entente Lyon Est Handball - 2,Union des Lionnes,,,,https://www.ffhandball.fr/competitions/saison-2026-2027-22/regional/m13-ans-feminin-division-1-aura-30516/poule-197027/rencontre-2732075/,
Entente Lyon Est Handball,B,M13,P1,7,5 décembre 2026 au 6 décembre 2026,False,Entente Nord Beaujolais,Entente Lyon Est Handball - 2,,,,https://www.ffhandball.fr/competitions/saison-2026-2027-22/regional/m13-ans-feminin-division-1-aura-30516/poule-197027/rencontre-2732081/,
Entente Lyon Est Handball,C,M13,P1,1,dimanche 4 octobre 2026 à 11H45,True,Isle d'Abeau Sports Handball,Entente Lyon Est Handball (3),,Gymnase Saint Hubert,L Isle D Abeau,https://www.ffhandball.fr/competitions/saison-2026-2027-22/regional/m13-ans-feminin-division-2-aura-30520/poule-197128/rencontre-2731838/,"Gymnase Saint Hubert, BOULEVARD SAINT HUBERT, L Isle D Abeau"
Entente Lyon Est Handball,C,M13,P1,2,samedi 10 octobre 2026 à 13H00,True,Entente Lyon Est Handball (3),Mornant HBC,,Halle des Sports,Genas,https://www.ffhandball.fr/competitions/saison-2026-2027-22/regional/m13-ans-feminin-division-2-aura-30520/poule-197128/rencontre-2731841/,"Halle des Sports, RUE DE LA FRATERNITE, Genas"
Entente Lyon Est Handball,C,M13,P1,3,samedi 17 octobre 2026 à 14H30,True,Mermoz F13,Entente Lyon Est Handball (3),,Gymnase Dargent,Lyon 8e,https://www.ffhandball.fr/competitions/saison-2026-2027-22/regional/m13-ans-feminin-division-2-aura-30520/poule-197128/rencontre-2731845/,"Gymnase Dargent, 51 RUE PROF SISLEY, Lyon 8e"
Entente Lyon Est Handball,C,M13,P1,4,7 novembre 2026 au 8 novembre 2026,False,Entente Lyon Est Handball (3),Venissieux Handball,,,,https://www.ffhandball.fr/competitions/saison-2026-2027-22/regional/m13-ans-feminin-division-2-aura-30520/poule-197128/rencontre-2731853/,
Entente Lyon Est Handball,C,M13,P1,6,28 novembre 2026 au 29 novembre 2026,False,Entente Lyon Est Handball (3),Marcy L Etoile HB,,,,https://www.ffhandball.fr/competitions/saison-2026-2027-22/regional/m13-ans-feminin-division-2-aura-30520/poule-197128/rencontre-2731863/,
Entente Lyon Est Handball,C,M13,P1,7,5 décembre 2026 au 6 décembre 2026,False,Fem St Fons,Entente Lyon Est Handball (3),,,,https://www.ffhandball.fr/competitions/saison-2026-2027-22/regional/m13-ans-feminin-division-2-aura-30520/poule-197128/rencontre-2731869/,
Entente Lyon Est Handball,A,M15,P1,1,samedi 12 septembre 2026 à 14H00,True,Entente Lyon Est Handball,Pays Voironnais Handball - 1,17 - 41,Gymnase Condorcet,St Priest,https://www.ffhandball.fr/competitions/saison-2026-2027-22/regional/m15-ans-feminin-excellence-aura-30509/poule-190342/rencontre-2653883/,"Gymnase condorcet, 20 BOULEVARD E ROSTAND, St priest"
Entente Lyon Est Handball,A,M15,P1,2,samedi 19 septembre 2026 à 14H00,True,Porte de l'Isere,Entente Lyon Est Handball,17 - 17,Palais des Sports,Bourgoin Jallieu,https://www.ffhandball.fr/competitions/saison-2026-2027-22/regional/m15-ans-feminin-excellence-aura-30509/poule-190342/rencontre-2653884/,"Palais des sports, 1 RUE DES FRERES LUMIERES, Bourgoin jallieu"
Entente Lyon Est Handball,A,M15,P1,3,samedi 3 octobre 2026 à 14H45,True,Entente Bron Villeurbanne,Entente Lyon Est Handball,,Halle des Sports Marcel Sultana,Bron,https://www.ffhandball.fr/competitions/saison-2026-2027-22/regional/m15-ans-feminin-excellence-aura-30509/poule-190342/rencontre-2653889/,"Halle des Sports Marcel Sultana, 59 AVENUE F. MITTERAND, Bron"
Entente Lyon Est Handball,A,M15,P1,4,samedi 10 octobre 2026 à 17H30,True,Entente Lyon Est Handball,HBC Echirolles-Eybens,,Halle des Sports,Genas,https://www.ffhandball.fr/competitions/saison-2026-2027-22/regional/m15-ans-feminin-excellence-aura-30509/poule-190342/rencontre-2653890/,"Halle des Sports, RUE DE LA FRATERNITE, Genas"
Entente Lyon Est Handball,A,M15,P1,5,samedi 17 octobre 2026 à 15H00,True,Meylan Handball - 1,Entente Lyon Est Handball,,Des Buclos,Meylan,https://www.ffhandball.fr/competitions/saison-2026-2027-22/regional/m15-ans-feminin-excellence-aura-30509/poule-190342/rencontre-2653894/,"Des Buclos, 53 BOULEVARD DES ALPES, Meylan"
Entente Lyon Est Handball,A,M15,P1,6,7 novembre 2026 au 8 novembre 2026,False,Pays Voironnais Handball - 1,Entente Lyon Est Handball,,,,https://www.ffhandball.fr/competitions/saison-2026-2027-22/regional/m15-ans-feminin-excellence-aura-30509/poule-190342/rencontre-2653898/,
Entente Lyon Est Handball,A,M15,P1,7,14 novembre 2026 au 15 novembre 2026,False,Entente Lyon Est Handball,Porte de l'Isere,,,,https://www.ffhandball.fr/competitions/saison-2026-2027-22/regional/m15-ans-feminin-excellence-aura-30509/poule-190342/rencontre-2653899/,
Entente Lyon Est Handball,A,M15,P1,8,21 novembre 2026 au 21 novembre 2026,False,Entente Lyon Est Handball,Entente Bron Villeurbanne,,,,https://www.ffhandball.fr/competitions/saison-2026-2027-22/regional/m15-ans-feminin-excellence-aura-30509/poule-190342/rencontre-2653904/,
Entente Lyon Est Handball,A,M15,P1,9,28 novembre 2026 au 29 novembre 2026,False,HBC Echirolles-Eybens,Entente Lyon Est Handball,,,,https://www.ffhandball.fr/competitions/saison-2026-2027-22/regional/m15-ans-feminin-excellence-aura-30509/poule-190342/rencontre-2653905/,
Entente Lyon Est Handball,A,M15,P1,10,5 décembre 2026 au 5 décembre 2026,False,Entente Lyon Est Handball,Meylan Handball - 1,,,,https://www.ffhandball.fr/competitions/saison-2026-2027-22/regional/m15-ans-feminin-excellence-aura-30509/poule-190342/rencontre-2653909/,
Entente Lyon Est Handball,B,M15,P1,1,samedi 3 octobre 2026 à 15H00,True,Entente Lyon Est Handball (2),Quincieux Handball,,Gymnase Condorcet,St Priest,https://www.ffhandball.fr/competitions/saison-2026-2027-22/regional/m15-ans-feminin-division-2-aura-30519/poule-196652/rencontre-2732203/,"Gymnase Condorcet, 20 BOULEVARD E ROSTAND, St Priest"
Entente Lyon Est Handball,B,M15,P1,2,samedi 10 octobre 2026 à 15H00,True,Amplepuis Hac,Entente Lyon Est Handball (2),,Bagatelle,Amplepuis,https://www.ffhandball.fr/competitions/saison-2026-2027-22/regional/m15-ans-feminin-division-2-aura-30519/poule-196652/rencontre-2732209/,"Bagatelle, CHEMIN DE BAGATELLE, Amplepuis"
Entente Lyon Est Handball,B,M15,P1,3,samedi 17 octobre 2026 à 17H00,True,Entente Lyon Est Handball (2),Fem St Fons,,Salle des Servizieres,Meyzieu,https://www.ffhandball.fr/competitions/saison-2026-2027-22/regional/m15-ans-feminin-division-2-aura-30519/poule-196652/rencontre-2732213/,"Salle des Servizieres, RUE DU COLLEGE, Meyzieu"
Entente Lyon Est Handball,B,M15,P1,4,7 novembre 2026 au 8 novembre 2026,False,Cotiere Handball,Entente Lyon Est Handball (2),,,,https://www.ffhandball.fr/competitions/saison-2026-2027-22/regional/m15-ans-feminin-division-2-aura-30519/poule-196652/rencontre-2732220/,
Entente Lyon Est Handball,B,M15,P1,5,14 novembre 2026 au 15 novembre 2026,False,Entente Lyon Est Handball (2),Caluire-Rillieux Handball,,,,https://www.ffhandball.fr/competitions/saison-2026-2027-22/regional/m15-ans-feminin-division-2-aura-30519/poule-196652/rencontre-2732226/,
Entente Lyon Est Handball,B,M15,P1,6,28 novembre 2026 au 29 novembre 2026,False,HBC Cremieu -15f,Entente Lyon Est Handball (2),,,,https://www.ffhandball.fr/competitions/saison-2026-2027-22/regional/m15-ans-feminin-division-2-aura-30519/poule-196652/rencontre-2732232/,
Entente Lyon Est Handball,B,M15,P1,7,5 décembre 2026 au 6 décembre 2026,False,Entente Lyon Est Handball (2),Chaponnay,,,,https://www.ffhandball.fr/competitions/saison-2026-2027-22/regional/m15-ans-feminin-division-2-aura-30519/poule-196652/rencontre-2732239/,
Entente Est Lyonnais,Rés.,M15,P1,1,samedi 12 septembre 2026 à 17H00,True,Entente Nord Isere (Reserve),Entente Est Lyonnais (Reserve),10 - 57,Palais des Sports,Bourgoin Jallieu,https://www.ffhandball.fr/competitions/saison-2026-2027-22/regional/m15-ans-masculin-reserves-aura-30505/poule-190254/rencontre-2652951/,"Palais des sports, 1 RUE DES FRERES LUMIERES, Bourgoin jallieu"
Entente Est Lyonnais,Rés.,M15,P1,2,samedi 19 septembre 2026 à 15H15,True,Entente Est Lyonnais (Reserve),St Genis Laval Al Handball -15 Reserve,34 - 21,Halle des Sports,Genas,https://www.ffhandball.fr/competitions/saison-2026-2027-22/regional/m15-ans-masculin-reserves-aura-30505/poule-190254/rencontre-2652954/,"Halle des sports, RUE DE LA FRATERNITE, Genas"
Entente Est Lyonnais,Rés.,M15,P1,4,samedi 10 octobre 2026 à 16H00,True,Entente Est Lyonnais (Reserve),Villeurbanne Handball Association,,Palais des Sports Jean Capievic,Vaulx en Velin,https://www.ffhandball.fr/competitions/saison-2026-2027-22/regional/m15-ans-masculin-reserves-aura-30505/poule-190254/rencontre-2652962/,"Palais des Sports Jean Capievic, 3 RUE HO CHI MINH, Vaulx en Velin"
Entente Est Lyonnais,Rés.,M15,P1,5,samedi 17 octobre 2026 à 14H00,True,UODL Handball,Entente Est Lyonnais (Reserve),,Gymnase Les Genetieres,Tassin La Demi Lune,https://www.ffhandball.fr/competitions/saison-2026-2027-22/regional/m15-ans-masculin-reserves-aura-30505/poule-190254/rencontre-2652965/,"Gymnase Les Genetieres, 1 RUE DES GENETIERES, Tassin La Demi Lune"
Entente Est Lyonnais,Rés.,M15,P1,6,7 novembre 2026 au 8 novembre 2026,False,Entente Est Lyonnais (Reserve),Entente Nord Isere (Reserve),,,,https://www.ffhandball.fr/competitions/saison-2026-2027-22/regional/m15-ans-masculin-reserves-aura-30505/poule-190254/rencontre-2652966/,
Entente Est Lyonnais,Rés.,M15,P1,7,14 novembre 2026 au 15 novembre 2026,False,St Genis Laval Al Handball -15 Reserve,Entente Est Lyonnais (Reserve),,,,https://www.ffhandball.fr/competitions/saison-2026-2027-22/regional/m15-ans-masculin-reserves-aura-30505/poule-190254/rencontre-2652969/,
Entente Est Lyonnais,Rés.,M15,P1,9,28 novembre 2026 au 29 novembre 2026,False,Villeurbanne Handball Association,Entente Est Lyonnais (Reserve),,,,https://www.ffhandball.fr/competitions/saison-2026-2027-22/regional/m15-ans-masculin-reserves-aura-30505/poule-190254/rencontre-2652977/,
Entente Est Lyonnais,Rés.,M15,P1,10,5 décembre 2026 au 5 décembre 2026,False,Entente Est Lyonnais (Reserve),UODL Handball,,,,https://www.ffhandball.fr/competitions/saison-2026-2027-22/regional/m15-ans-masculin-reserves-aura-30505/poule-190254/rencontre-2652980/,
Entente Est Lyonnais,B,M15,P1,1,dimanche 13 septembre 2026 à 11H00,True,Entente Est Lyonnais,Saint Genix Aoste HB - 1,24 - 34,Halle des Sports,Genas,https://www.ffhandball.fr/competitions/saison-2026-2027-22/regional/m15-ans-masculin-excellence-aura-30504/poule-190328/rencontre-2652772/,"Halle des sports, RUE DE LA FRATERNITE, Genas"
Entente Est Lyonnais,B,M15,P1,2,samedi 19 septembre 2026 à 14H00,True,Belley HBC,Entente Est Lyonnais,14 - 32,Gymnase Jean Morin,Belley,https://www.ffhandball.fr/competitions/saison-2026-2027-22/regional/m15-ans-masculin-excellence-aura-30504/poule-190328/rencontre-2652776/,"Gymnase jean morin, CHEMIN DES SOUPIRS, Belley"
Entente Est Lyonnais,B,M15,P1,3,dimanche 4 octobre 2026 à 12H00,True,Entente Est Lyonnais,Chaponnay,,Halle des Sports,Genas,https://www.ffhandball.fr/competitions/saison-2026-2027-22/regional/m15-ans-masculin-excellence-aura-30504/poule-190328/rencontre-2652778/,"Halle des Sports, RUE DE LA FRATERNITE, Genas"
Entente Est Lyonnais,B,M15,P1,4,samedi 10 octobre 2026 à 15H15,True,Mermoz G15a,Entente Est Lyonnais,,Gymnase Dargent,Lyon 8e,https://www.ffhandball.fr/competitions/saison-2026-2027-22/regional/m15-ans-masculin-excellence-aura-30504/poule-190328/rencontre-2652780/,"Gymnase Dargent, 51 RUE PROF SISLEY, Lyon 8e"
Entente Est Lyonnais,B,M15,P1,5,samedi 17 octobre 2026 à 13H30,True,Entente Est Lyonnais,Handball Club de Lyon,,Gymnase Condorcet,St Priest,https://www.ffhandball.fr/competitions/saison-2026-2027-22/regional/m15-ans-masculin-excellence-aura-30504/poule-190328/rencontre-2652783/,"Gymnase Condorcet, 20 BOULEVARD E ROSTAND, St Priest"
Entente Est Lyonnais,B,M15,P1,6,dimanche 8 novembre 2026 à 10H00,True,Saint Genix Aoste HB - 1,Entente Est Lyonnais,,Gymnase d'Aoste,Aoste,https://www.ffhandball.fr/competitions/saison-2026-2027-22/regional/m15-ans-masculin-excellence-aura-30504/poule-190328/rencontre-2652787/,"Gymnase d'Aoste, 120 RUE DES ECOLES, Aoste"
Entente Est Lyonnais,B,M15,P1,7,14 novembre 2026 au 15 novembre 2026,False,Entente Est Lyonnais,Belley HBC,,,,https://www.ffhandball.fr/competitions/saison-2026-2027-22/regional/m15-ans-masculin-excellence-aura-30504/poule-190328/rencontre-2652791/,
Entente Est Lyonnais,B,M15,P1,8,21 novembre 2026 au 21 novembre 2026,False,Chaponnay,Entente Est Lyonnais,,,,https://www.ffhandball.fr/competitions/saison-2026-2027-22/regional/m15-ans-masculin-excellence-aura-30504/poule-190328/rencontre-2652793/,
Entente Est Lyonnais,B,M15,P1,9,28 novembre 2026 au 29 novembre 2026,False,Entente Est Lyonnais,Mermoz G15a,,,,https://www.ffhandball.fr/competitions/saison-2026-2027-22/regional/m15-ans-masculin-excellence-aura-30504/poule-190328/rencontre-2652795/,
Entente Est Lyonnais,B,M15,P1,10,5 décembre 2026 au 5 décembre 2026,False,Handball Club de Lyon,Entente Est Lyonnais,,,,https://www.ffhandball.fr/competitions/saison-2026-2027-22/regional/m15-ans-masculin-excellence-aura-30504/poule-190328/rencontre-2652798/,
Entente Lyon Est Handball,,M16,P1,1,samedi 12 septembre 2026 à 16H00,True,Entente Lyon Est Handball,Entente Poisy - Annecy,18 - 24,Gymnase Condorcet,St Priest,https://www.ffhandball.fr/competitions/saison-2026-2027-22/regional/m16-ans-feminin-excellence-aura-30508/poule-190246/rencontre-2654273/,"Gymnase condorcet, 20 BOULEVARD E ROSTAND, St priest"
Entente Lyon Est Handball,,M16,P1,2,samedi 19 septembre 2026 à 17H45,True,Chambéry La Motte Servolex Savoie Handball,Entente Lyon Est Handball,35 - 17,Gymnase de l'Epine,La Motte Servolex,https://www.ffhandball.fr/competitions/saison-2026-2027-22/regional/m16-ans-feminin-excellence-aura-30508/poule-190246/rencontre-2654274/,"Gymnase de l'Epine, 2349 AV RENE CASSIN, La motte servolex"
Entente Lyon Est Handball,,M16,P1,3,samedi 3 octobre 2026 à 18H30,True,Annecy CSAV Handball,Entente Lyon Est Handball,,Espace Sports Glaisins,Annecy Le Vieux 74940 Annecy,https://www.ffhandball.fr/competitions/saison-2026-2027-22/regional/m16-ans-feminin-excellence-aura-30508/poule-190246/rencontre-2654279/,"Espace Sports Glaisins, 6 , RUE DE LA FRASSE, Annecy Le Vieux 74940 Annecy"
Entente Lyon Est Handball,,M16,P1,4,samedi 10 octobre 2026 à 16H00,True,Entente Lyon Est Handball,Lyon Ouest Handball,,Halle des Sports,Genas,https://www.ffhandball.fr/competitions/saison-2026-2027-22/regional/m16-ans-feminin-excellence-aura-30508/poule-190246/rencontre-2654280/,"Halle des Sports, RUE DE LA FRATERNITE, Genas"
Entente Lyon Est Handball,,M16,P1,5,samedi 17 octobre 2026 à 16H30,True,Entente Meximieux Montluel,Entente Lyon Est Handball,,Halle des Sports,Meximieux,https://www.ffhandball.fr/competitions/saison-2026-2027-22/regional/m16-ans-feminin-excellence-aura-30508/poule-190246/rencontre-2654284/,"Halle des Sports, AV DU DOCTEUR BERTHIER, Meximieux"
Entente Lyon Est Handball,,M16,P1,6,7 novembre 2026 au 8 novembre 2026,False,Entente Poisy - Annecy,Entente Lyon Est Handball,,,,https://www.ffhandball.fr/competitions/saison-2026-2027-22/regional/m16-ans-feminin-excellence-aura-30508/poule-190246/rencontre-2654288/,
Entente Lyon Est Handball,,M16,P1,7,14 novembre 2026 au 15 novembre 2026,False,Entente Lyon Est Handball,Chambéry La Motte Servolex Savoie Handball,,,,https://www.ffhandball.fr/competitions/saison-2026-2027-22/regional/m16-ans-feminin-excellence-aura-30508/poule-190246/rencontre-2654289/,
Entente Lyon Est Handball,,M16,P1,8,21 novembre 2026 au 21 novembre 2026,False,Entente Lyon Est Handball,Annecy CSAV Handball,,,,https://www.ffhandball.fr/competitions/saison-2026-2027-22/regional/m16-ans-feminin-excellence-aura-30508/poule-190246/rencontre-2654294/,
Entente Lyon Est Handball,,M16,P1,9,28 novembre 2026 au 29 novembre 2026,False,Lyon Ouest Handball,Entente Lyon Est Handball,,,,https://www.ffhandball.fr/competitions/saison-2026-2027-22/regional/m16-ans-feminin-excellence-aura-30508/poule-190246/rencontre-2654295/,
Entente Lyon Est Handball,,M16,P1,10,5 décembre 2026 au 5 décembre 2026,False,Entente Lyon Est Handball,Entente Meximieux Montluel,,,,https://www.ffhandball.fr/competitions/saison-2026-2027-22/regional/m16-ans-feminin-excellence-aura-30508/poule-190246/rencontre-2654299/,
Entente Est Lyonnais,,M17,P1,1,samedi 12 septembre 2026 à 19H00,True,Entente Nord Isere,Entente Est Lyonnais,23 - 45,Palais des Sports,Bourgoin Jallieu,https://www.ffhandball.fr/competitions/saison-2026-2027-22/regional/m17-ans-masculin-excellence-aura-30503/poule-190250/rencontre-2652531/,"Palais des sports, 1 RUE DES FRERES LUMIERES, Bourgoin jallieu"
Entente Est Lyonnais,,M17,P1,2,samedi 19 septembre 2026 à 17H00,True,Entente Est Lyonnais,St Genis Laval Al Handball -17 M Aura,33 - 35,Halle des Sports,Genas,https://www.ffhandball.fr/competitions/saison-2026-2027-22/regional/m17-ans-masculin-excellence-aura-30503/poule-190250/rencontre-2652534/,"Halle des sports, RUE DE LA FRATERNITE, Genas"
Entente Est Lyonnais,,M17,P1,4,samedi 10 octobre 2026 à 18H00,True,Entente Est Lyonnais,Lyon Metropole,,Palais des Sports Jean Capievic,Vaulx en Velin,https://www.ffhandball.fr/competitions/saison-2026-2027-22/regional/m17-ans-masculin-excellence-aura-30503/poule-190250/rencontre-2652542/,"Palais des Sports Jean Capievic, 3 RUE HO CHI MINH, Vaulx en Velin"
Entente Est Lyonnais,,M17,P1,5,samedi 17 octobre 2026 à 16H00,True,UODL Handball,Entente Est Lyonnais,,Gymnase Les Genetieres,Tassin La Demi Lune,https://www.ffhandball.fr/competitions/saison-2026-2027-22/regional/m17-ans-masculin-excellence-aura-30503/poule-190250/rencontre-2652545/,"Gymnase Les Genetieres, 1 RUE DES GENETIERES, Tassin La Demi Lune"
Entente Est Lyonnais,,M17,P1,6,7 novembre 2026 au 8 novembre 2026,False,Entente Est Lyonnais,Entente Nord Isere,,,,https://www.ffhandball.fr/competitions/saison-2026-2027-22/regional/m17-ans-masculin-excellence-aura-30503/poule-190250/rencontre-2652546/,
Entente Est Lyonnais,,M17,P1,7,14 novembre 2026 au 15 novembre 2026,False,St Genis Laval Al Handball -17 M Aura,Entente Est Lyonnais,,,,https://www.ffhandball.fr/competitions/saison-2026-2027-22/regional/m17-ans-masculin-excellence-aura-30503/poule-190250/rencontre-2652549/,
Entente Est Lyonnais,,M17,P1,9,28 novembre 2026 au 29 novembre 2026,False,Lyon Metropole,Entente Est Lyonnais,,,,https://www.ffhandball.fr/competitions/saison-2026-2027-22/regional/m17-ans-masculin-excellence-aura-30503/poule-190250/rencontre-2652557/,
Entente Est Lyonnais,,M17,P1,10,5 décembre 2026 au 5 décembre 2026,False,Entente Est Lyonnais,UODL Handball,,,,https://www.ffhandball.fr/competitions/saison-2026-2027-22/regional/m17-ans-masculin-excellence-aura-30503/poule-190250/rencontre-2652560/,
Entente Lyon Est Handball,A,M18,P1,1,samedi 12 septembre 2026 à 16H30,True,Entente Bron Vaulx en Velin Villeurbanne,Entente Lyon Est Handball - 1,35 - 30,Halle des Sports Marcel Sultana,Bron,https://www.ffhandball.fr/competitions/saison-2026-2027-22/regional/m18-ans-feminin-excellence-aura-30507/poule-190314/rencontre-2653521/,"Halle des sports marcel sultana, 59 AVENUE F. MITTERAND, Bron"
Entente Lyon Est Handball,A,M18,P1,2,samedi 19 septembre 2026 à 15H30,True,Entente Lyon Est Handball - 1,UODL HB,31 - 34,Salle des Servizieres,Meyzieu,https://www.ffhandball.fr/competitions/saison-2026-2027-22/regional/m18-ans-feminin-excellence-aura-30507/poule-190314/rencontre-2653524/,"Salle des servizieres, RUE DU COLLEGE, Meyzieu"
Entente Lyon Est Handball,A,M18,P1,3,samedi 3 octobre 2026 à 17H45,True,Bourgoin Jallieu Villefontaine,Entente Lyon Est Handball - 1,,Palais des Sports,Bourgoin Jallieu,https://www.ffhandball.fr/competitions/saison-2026-2027-22/regional/m18-ans-feminin-excellence-aura-30507/poule-190314/rencontre-2653528/,"Palais des Sports, 1 RUE DES FRERES LUMIERES, Bourgoin Jallieu"
Entente Lyon Est Handball,A,M18,P1,4,samedi 10 octobre 2026 à 19H00,True,Entente Lyon Est Handball - 1,Mermoz F18,,Halle des Sports,Genas,https://www.ffhandball.fr/competitions/saison-2026-2027-22/regional/m18-ans-feminin-excellence-aura-30507/poule-190314/rencontre-2653532/,"Halle des Sports, RUE DE LA FRATERNITE, Genas"
Entente Lyon Est Handball,A,M18,P1,5,dimanche 18 octobre 2026 à 13H30,True,Isle d'Abeau Sports Handball,Entente Lyon Est Handball - 1,,Gymnase Saint Hubert,L Isle D Abeau,https://www.ffhandball.fr/competitions/saison-2026-2027-22/regional/m18-ans-feminin-excellence-aura-30507/poule-190314/rencontre-2653535/,"Gymnase Saint Hubert, BOULEVARD SAINT HUBERT, L Isle D Abeau"
Entente Lyon Est Handball,A,M18,P1,6,7 novembre 2026 au 8 novembre 2026,False,Entente Lyon Est Handball - 1,Entente Bron Vaulx en Velin Villeurbanne,,,,https://www.ffhandball.fr/competitions/saison-2026-2027-22/regional/m18-ans-feminin-excellence-aura-30507/poule-190314/rencontre-2653536/,
Entente Lyon Est Handball,A,M18,P1,7,14 novembre 2026 au 15 novembre 2026,False,UODL HB,Entente Lyon Est Handball - 1,,,,https://www.ffhandball.fr/competitions/saison-2026-2027-22/regional/m18-ans-feminin-excellence-aura-30507/poule-190314/rencontre-2653539/,
Entente Lyon Est Handball,A,M18,P1,8,21 novembre 2026 au 22 novembre 2026,False,Entente Lyon Est Handball - 1,Bourgoin Jallieu Villefontaine,,,,https://www.ffhandball.fr/competitions/saison-2026-2027-22/regional/m18-ans-feminin-excellence-aura-30507/poule-190314/rencontre-2653543/,
Entente Lyon Est Handball,A,M18,P1,9,28 novembre 2026 au 29 novembre 2026,False,Mermoz F18,Entente Lyon Est Handball - 1,,,,https://www.ffhandball.fr/competitions/saison-2026-2027-22/regional/m18-ans-feminin-excellence-aura-30507/poule-190314/rencontre-2653547/,
Entente Lyon Est Handball,A,M18,P1,10,5 décembre 2026 au 6 décembre 2026,False,Entente Lyon Est Handball - 1,Isle d'Abeau Sports Handball,,,,https://www.ffhandball.fr/competitions/saison-2026-2027-22/regional/m18-ans-feminin-excellence-aura-30507/poule-190314/rencontre-2653550/,
Entente Lyon Est Handball,B,M18,P1,1,samedi 3 octobre 2026 à 17H00,True,Entente Lyon Est Handball - 2,Amberieu HBC,,Gymnase Condorcet,St Priest,https://www.ffhandball.fr/competitions/saison-2026-2027-22/regional/m18-ans-feminin-division-1-aura-30514/poule-196446/rencontre-2730228/,"Gymnase Condorcet, 20 BOULEVARD E ROSTAND, St Priest"
Entente Lyon Est Handball,B,M18,P1,2,samedi 10 octobre 2026 à 16H45,True,Revermont Handball Club,Entente Lyon Est Handball - 2,,Salle des Sports,Treffort Cuisiat,https://www.ffhandball.fr/competitions/saison-2026-2027-22/regional/m18-ans-feminin-division-1-aura-30514/poule-196446/rencontre-2730232/,"Salle des Sports, SALLE DES SPORTS, Treffort Cuisiat"
Entente Lyon Est Handball,B,M18,P1,3,samedi 17 octobre 2026 à 19H00,True,Entente Lyon Est Handball - 2,Civrieux Handball Club,,Salle des Servizieres,Meyzieu,https://www.ffhandball.fr/competitions/saison-2026-2027-22/regional/m18-ans-feminin-division-1-aura-30514/poule-196446/rencontre-2730251/,"Salle des Servizieres, RUE DU COLLEGE, Meyzieu"
Entente Lyon Est Handball,B,M18,P1,4,7 novembre 2026 au 8 novembre 2026,False,St Genis Laval Al Handball - 2,Entente Lyon Est Handball - 2,,,,https://www.ffhandball.fr/competitions/saison-2026-2027-22/regional/m18-ans-feminin-division-1-aura-30514/poule-196446/rencontre-2730265/,
Entente Lyon Est Handball,B,M18,P1,5,14 novembre 2026 au 15 novembre 2026,False,Entente Lyon Est Handball - 2,Entente Bron-Vaulx en Velin-Villeurbanne Lyon Metropole,,,,https://www.ffhandball.fr/competitions/saison-2026-2027-22/regional/m18-ans-feminin-division-1-aura-30514/poule-196446/rencontre-2730279/,
Entente Lyon Est Handball,B,M18,P1,6,28 novembre 2026 au 29 novembre 2026,False,Entente Lyon Est Handball - 2,Union des Lionnes,,,,https://www.ffhandball.fr/competitions/saison-2026-2027-22/regional/m18-ans-feminin-division-1-aura-30514/poule-196446/rencontre-2730290/,
Entente Lyon Est Handball,B,M18,P1,7,5 décembre 2026 au 6 décembre 2026,False,Marcy L Etoile HB,Entente Lyon Est Handball - 2,,,,https://www.ffhandball.fr/competitions/saison-2026-2027-22/regional/m18-ans-feminin-division-1-aura-30514/poule-196446/rencontre-2730301/,
Entente Est Lyonnais,A,M18,P1,1,dimanche 13 septembre 2026 à 16H00,True,Ent. Est-Lyonnais - Saint-Priest,Istres Provence Handball,42 - 38,Halle des Sports,Genas,https://www.ffhandball.fr/competitions/saison-2026-2027-22/national/u18-masculins-2026-2027-32522/poule-190991/rencontre-2640907/,"Halle des sports, RUE DE LA FRATERNITE, Genas"
Entente Est Lyonnais,A,M18,P1,2,samedi 19 septembre 2026 à 18H00,True,UODL Handball,Ent. Est-Lyonnais - Saint-Priest,24 - 26,Gymnase Les Genetieres,Tassin La Demi Lune,https://www.ffhandball.fr/competitions/saison-2026-2027-22/national/u18-masculins-2026-2027-32522/poule-190991/rencontre-2640911/,"Gymnase les genetieres, 1 RUE DES GENETIERES, Tassin la demi lune"
Entente Est Lyonnais,A,M18,P1,3,dimanche 4 octobre 2026 à 14H00,True,Ent. Est-Lyonnais - Saint-Priest,Montelimar Club Handball,,Jean Jaures,Corbas,https://www.ffhandball.fr/competitions/saison-2026-2027-22/national/u18-masculins-2026-2027-32522/poule-190991/rencontre-2640913/,"Jean Jaures, CHEMIN DE GRANGE BLANCHE, Corbas"
Entente Est Lyonnais,A,M18,P1,4,samedi 10 octobre 2026 à 18H00,True,Saint Raphael Vhb,Ent. Est-Lyonnais - Saint-Priest,,Palais des Sports,St Raphael,https://www.ffhandball.fr/competitions/saison-2026-2027-22/national/u18-masculins-2026-2027-32522/poule-190991/rencontre-2640915/,"Palais des Sports, RUE DES CHATAIGNIERS, St Raphael"
Entente Est Lyonnais,A,M18,P1,5,samedi 17 octobre 2026 à 17H00,True,Ent. Est-Lyonnais - Saint-Priest,US Crauroise Handball,,Gymnase Condorcet,St Priest,https://www.ffhandball.fr/competitions/saison-2026-2027-22/national/u18-masculins-2026-2027-32522/poule-190991/rencontre-2640918/,"Gymnase Condorcet, 20 BOULEVARD E ROSTAND, St Priest"
Entente Est Lyonnais,A,M18,P1,6,samedi 7 novembre 2026 à 19H00,True,Istres Provence Handball,Ent. Est-Lyonnais - Saint-Priest,,Bernard Bardin,Istres,https://www.ffhandball.fr/competitions/saison-2026-2027-22/national/u18-masculins-2026-2027-32522/poule-190991/rencontre-2640922/,"Bernard Bardin, RUE DU STADE - QUARTIER DES COGNETS, Istres"
Entente Est Lyonnais,A,M18,P1,7,samedi 14 novembre 2026 à 18H00,True,Ent. Est-Lyonnais - Saint-Priest,UODL Handball,,Gymnase Condorcet,St Priest,https://www.ffhandball.fr/competitions/saison-2026-2027-22/national/u18-masculins-2026-2027-32522/poule-190991/rencontre-2640926/,"Gymnase Condorcet, 20 BOULEVARD E ROSTAND, St Priest"
Entente Est Lyonnais,A,M18,P1,8,samedi 28 novembre 2026 à 19H00,True,Montelimar Club Handball,Ent. Est-Lyonnais - Saint-Priest,,Gymnase Europa,Montelimar,https://www.ffhandball.fr/competitions/saison-2026-2027-22/national/u18-masculins-2026-2027-32522/poule-190991/rencontre-2640928/,"Gymnase Europa, 14 CHEMIN DES VIOLETTES, Montelimar"
Entente Est Lyonnais,A,M18,P1,9,5 décembre 2026 au 6 décembre 2026,False,Ent. Est-Lyonnais - Saint-Priest,Saint Raphael Vhb,,,,https://www.ffhandball.fr/competitions/saison-2026-2027-22/national/u18-masculins-2026-2027-32522/poule-190991/rencontre-2640930/,
Entente Est Lyonnais,A,M18,P1,10,12 décembre 2026 au 13 décembre 2026,False,US Crauroise Handball,Ent. Est-Lyonnais - Saint-Priest,,,,https://www.ffhandball.fr/competitions/saison-2026-2027-22/national/u18-masculins-2026-2027-32522/poule-190991/rencontre-2640933/,
Entente Est Lyonnais,B,M18,P1,1,dimanche 13 septembre 2026 à 14H00,True,Entente Est-Lyonnais - Saint-Priest,Trévoux - Excellence,42 - 20,Halle des Sports,Genas,https://www.ffhandball.fr/competitions/saison-2026-2027-22/regional/m18-ans-masculin-excellence-aura-30502/poule-190125/rencontre-2652172/,"Halle des sports, RUE DE LA FRATERNITE, Genas"
Entente Est Lyonnais,B,M18,P1,2,samedi 19 septembre 2026 à 16H00,True,Entente Limas/vhb,Entente Est-Lyonnais - Saint-Priest,34 - 42,Gymnase Hubert Boulaud,Limas,https://www.ffhandball.fr/competitions/saison-2026-2027-22/regional/m18-ans-masculin-excellence-aura-30502/poule-190125/rencontre-2652176/,"Gymnase hubert boulaud, 50 RUE DU STADE, Limas"
Entente Est Lyonnais,B,M18,P1,3,dimanche 4 octobre 2026 à 11H30,True,Entente Est-Lyonnais - Saint-Priest,Roanne Riorges Handball - 1,,Jean Jaures,Corbas,https://www.ffhandball.fr/competitions/saison-2026-2027-22/regional/m18-ans-masculin-excellence-aura-30502/poule-190125/rencontre-2652178/,"Jean Jaures, CHEMIN DE GRANGE BLANCHE, Corbas"
Entente Est Lyonnais,B,M18,P1,4,samedi 10 octobre 2026 à 16H30,True,Civrieux Handball Club,Entente Est-Lyonnais - Saint-Priest,,Salle des Sports,Civrieux D Azergues,https://www.ffhandball.fr/competitions/saison-2026-2027-22/regional/m18-ans-masculin-excellence-aura-30502/poule-190125/rencontre-2652180/,"Salle des Sports, ROUTE DE MARCILLY, Civrieux D Azergues"
Entente Est Lyonnais,B,M18,P1,5,samedi 17 octobre 2026 à 15H00,True,Entente Est-Lyonnais - Saint-Priest,Entente Nord Beaujolais - 1,,Gymnase Condorcet,St Priest,https://www.ffhandball.fr/competitions/saison-2026-2027-22/regional/m18-ans-masculin-excellence-aura-30502/poule-190125/rencontre-2652183/,"Gymnase Condorcet, 20 BOULEVARD E ROSTAND, St Priest"
Entente Est Lyonnais,B,M18,P1,6,7 novembre 2026 au 8 novembre 2026,False,Trévoux - Excellence,Entente Est-Lyonnais - Saint-Priest,,,,https://www.ffhandball.fr/competitions/saison-2026-2027-22/regional/m18-ans-masculin-excellence-aura-30502/poule-190125/rencontre-2652187/,
Entente Est Lyonnais,B,M18,P1,7,samedi 14 novembre 2026 à 14H00,True,Entente Est-Lyonnais - Saint-Priest,Entente Limas/vhb,,Gymnase Condorcet,St Priest,https://www.ffhandball.fr/competitions/saison-2026-2027-22/regional/m18-ans-masculin-excellence-aura-30502/poule-190125/rencontre-2652191/,"Gymnase Condorcet, 20 BOULEVARD E ROSTAND, St Priest"
Entente Est Lyonnais,B,M18,P1,8,21 novembre 2026 au 22 novembre 2026,False,Roanne Riorges Handball - 1,Entente Est-Lyonnais - Saint-Priest,,,,https://www.ffhandball.fr/competitions/saison-2026-2027-22/regional/m18-ans-masculin-excellence-aura-30502/poule-190125/rencontre-2652193/,
Entente Est Lyonnais,B,M18,P1,9,28 novembre 2026 au 29 novembre 2026,False,Entente Est-Lyonnais - Saint-Priest,Civrieux Handball Club,,,,https://www.ffhandball.fr/competitions/saison-2026-2027-22/regional/m18-ans-masculin-excellence-aura-30502/poule-190125/rencontre-2652195/,
Entente Est Lyonnais,B,M18,P1,10,5 décembre 2026 au 6 décembre 2026,False,Entente Nord Beaujolais - 1,Entente Est-Lyonnais - Saint-Priest,,,,https://www.ffhandball.fr/competitions/saison-2026-2027-22/regional/m18-ans-masculin-excellence-aura-30502/poule-190125/rencontre-2652198/,
Entente Lyon Est Handball,A,Seniors,P1,1,samedi 12 septembre 2026 à 18H00,True,ASUL Vaulx-En-Velin,Entente Lyon Est Handball,27 - 27,Palais des Sports Jean Capievic,Vaulx en Velin,https://www.ffhandball.fr/competitions/saison-2026-2027-22/regional/nationale-3-feminine-aura-30494/poule-190149/rencontre-2650854/,"Palais des sports jean capievic, 3 RUE HO CHI MINH, Vaulx en velin"
Entente Lyon Est Handball,A,Seniors,P1,2,samedi 19 septembre 2026 à 17H30,True,Entente Lyon Est Handball,Handball Club de Lyon,32 - 26,Salle des Servizieres,Meyzieu,https://www.ffhandball.fr/competitions/saison-2026-2027-22/regional/nationale-3-feminine-aura-30494/poule-190149/rencontre-2650860/,"Salle des servizieres, RUE DU COLLEGE, Meyzieu"
Entente Lyon Est Handball,A,Seniors,P1,3,samedi 3 octobre 2026 à 20H45,True,HBC Langeac,Entente Lyon Est Handball,,Halle des Sports Pierre Chany,Langeac,https://www.ffhandball.fr/competitions/saison-2026-2027-22/regional/nationale-3-feminine-aura-30494/poule-190149/rencontre-2650868/,"Halle des Sports Pierre Chany, RUE PIERRE DE COUBERTIN, Langeac"
Entente Lyon Est Handball,A,Seniors,P1,4,samedi 10 octobre 2026 à 20H00,True,Handball Clermont Auvergne Metropole - 63,Entente Lyon Est Handball,,Edith Tavert,Clermont Ferrand,https://www.ffhandball.fr/competitions/saison-2026-2027-22/regional/nationale-3-feminine-aura-30494/poule-190149/rencontre-2650874/,"Edith Tavert, boulevard saint jean, Clermont Ferrand"
Entente Lyon Est Handball,A,Seniors,P1,5,7 novembre 2026 au 8 novembre 2026,False,Entente Lyon Est Handball,St Genis Laval Al Handball - 2,,,,https://www.ffhandball.fr/competitions/saison-2026-2027-22/regional/nationale-3-feminine-aura-30494/poule-190149/rencontre-2650879/,
Entente Lyon Est Handball,A,Seniors,P1,6,14 novembre 2026 au 15 novembre 2026,False,Caluire Rillieux Handball,Entente Lyon Est Handball,,,,https://www.ffhandball.fr/competitions/saison-2026-2027-22/regional/nationale-3-feminine-aura-30494/poule-190149/rencontre-2650884/,
Entente Lyon Est Handball,A,Seniors,P1,7,28 novembre 2026 au 29 novembre 2026,False,Entente Lyon Est Handball,St Chamond Handball Pays du Gier - 2,,,,https://www.ffhandball.fr/competitions/saison-2026-2027-22/regional/nationale-3-feminine-aura-30494/poule-190149/rencontre-2650890/,
Entente Lyon Est Handball,A,Seniors,P1,8,samedi 5 décembre 2026 à 20H30,True,Blanzat Sport Montlucon,Entente Lyon Est Handball,,Halle des Sports de Montlucon,Montlucon,https://www.ffhandball.fr/competitions/saison-2026-2027-22/regional/nationale-3-feminine-aura-30494/poule-190149/rencontre-2650895/,"Halle des Sports de Montlucon, RUE CHAMPOLLION, Montlucon"
Entente Lyon Est Handball,A,Seniors,P1,9,12 décembre 2026 au 13 décembre 2026,False,Entente Lyon Est Handball,St Laurent de Chamousset HBC,,,,https://www.ffhandball.fr/competitions/saison-2026-2027-22/regional/nationale-3-feminine-aura-30494/poule-190149/rencontre-2650902/,
Entente Lyon Est Handball,A,Seniors,P1,10,9 janvier 2027 au 10 janvier 2027,False,Saint-Flour Handball,Entente Lyon Est Handball,,,,https://www.ffhandball.fr/competitions/saison-2026-2027-22/regional/nationale-3-feminine-aura-30494/poule-190149/rencontre-2650910/,
Entente Lyon Est Handball,A,Seniors,P1,11,16 janvier 2027 au 17 janvier 2027,False,Entente Lyon Est Handball,Amberieu HBC,,,,https://www.ffhandball.fr/competitions/saison-2026-2027-22/regional/nationale-3-feminine-aura-30494/poule-190149/rencontre-2650914/,
Entente Lyon Est Handball,A,Seniors,P1,12,23 janvier 2027 au 24 janvier 2027,False,Entente Lyon Est Handball,ASUL Vaulx-En-Velin,,,,https://www.ffhandball.fr/competitions/saison-2026-2027-22/regional/nationale-3-feminine-aura-30494/poule-190149/rencontre-2650920/,
Entente Lyon Est Handball,A,Seniors,P1,13,30 janvier 2027 au 31 janvier 2027,False,Handball Club de Lyon,Entente Lyon Est Handball,,,,https://www.ffhandball.fr/competitions/saison-2026-2027-22/regional/nationale-3-feminine-aura-30494/poule-190149/rencontre-2650926/,
Entente Lyon Est Handball,A,Seniors,P1,14,6 février 2027 au 7 février 2027,False,Entente Lyon Est Handball,HBC Langeac,,,,https://www.ffhandball.fr/competitions/saison-2026-2027-22/regional/nationale-3-feminine-aura-30494/poule-190149/rencontre-2650934/,
Entente Lyon Est Handball,A,Seniors,P1,15,6 mars 2027 au 7 mars 2027,False,Entente Lyon Est Handball,Handball Clermont Auvergne Metropole - 63,,,,https://www.ffhandball.fr/competitions/saison-2026-2027-22/regional/nationale-3-feminine-aura-30494/poule-190149/rencontre-2650940/,
Entente Lyon Est Handball,A,Seniors,P1,16,13 mars 2027 au 14 mars 2027,False,St Genis Laval Al Handball - 2,Entente Lyon Est Handball,,,,https://www.ffhandball.fr/competitions/saison-2026-2027-22/regional/nationale-3-feminine-aura-30494/poule-190149/rencontre-2650945/,
Entente Lyon Est Handball,A,Seniors,P1,17,20 mars 2027 au 21 mars 2027,False,Entente Lyon Est Handball,Caluire Rillieux Handball,,,,https://www.ffhandball.fr/competitions/saison-2026-2027-22/regional/nationale-3-feminine-aura-30494/poule-190149/rencontre-2650950/,
Entente Lyon Est Handball,A,Seniors,P1,18,3 avril 2027 au 4 avril 2027,False,St Chamond Handball Pays du Gier - 2,Entente Lyon Est Handball,,,,https://www.ffhandball.fr/competitions/saison-2026-2027-22/regional/nationale-3-feminine-aura-30494/poule-190149/rencontre-2650956/,
Entente Lyon Est Handball,A,Seniors,P1,19,10 avril 2027 au 11 avril 2027,False,Entente Lyon Est Handball,Blanzat Sport Montlucon,,,,https://www.ffhandball.fr/competitions/saison-2026-2027-22/regional/nationale-3-feminine-aura-30494/poule-190149/rencontre-2650961/,
Entente Lyon Est Handball,A,Seniors,P1,20,1 mai 2027 au 2 mai 2027,False,St Laurent de Chamousset HBC,Entente Lyon Est Handball,,,,https://www.ffhandball.fr/competitions/saison-2026-2027-22/regional/nationale-3-feminine-aura-30494/poule-190149/rencontre-2650968/,
Entente Lyon Est Handball,A,Seniors,P1,21,22 mai 2027 au 23 mai 2027,False,Entente Lyon Est Handball,Saint-Flour Handball,,,,https://www.ffhandball.fr/competitions/saison-2026-2027-22/regional/nationale-3-feminine-aura-30494/poule-190149/rencontre-2650976/,
Entente Lyon Est Handball,A,Seniors,P1,22,29 mai 2027 au 30 mai 2027,False,Amberieu HBC,Entente Lyon Est Handball,,,,https://www.ffhandball.fr/competitions/saison-2026-2027-22/regional/nationale-3-feminine-aura-30494/poule-190149/rencontre-2650980/,
Entente Lyon Est Handball,B,Seniors,P1,1,samedi 12 septembre 2026 à 21H00,True,Porte de l'Isere,Entente Lyon Est Handball,30 - 17,Palais des Sports,Bourgoin Jallieu,https://www.ffhandball.fr/competitions/saison-2026-2027-22/regional/prenationale-feminine-aura-30495/poule-190154/rencontre-2651230/,"Palais des sports, 1 RUE DES FRERES LUMIERES, Bourgoin jallieu"
Entente Lyon Est Handball,B,Seniors,P1,2,samedi 19 septembre 2026 à 19H30,True,Entente Lyon Est Handball,Handball Club Bourgetain,22 - 16,Salle des Servizieres,Meyzieu,https://www.ffhandball.fr/competitions/saison-2026-2027-22/regional/prenationale-feminine-aura-30495/poule-190154/rencontre-2651234/,"Salle des servizieres, RUE DU COLLEGE, Meyzieu"
Entente Lyon Est Handball,B,Seniors,P1,3,samedi 3 octobre 2026 à 18H30,True,Entente Meximieux Montluel,Entente Lyon Est Handball,,Halle des Sports,Meximieux,https://www.ffhandball.fr/competitions/saison-2026-2027-22/regional/prenationale-feminine-aura-30495/poule-190154/rencontre-2651237/,"Halle des Sports, AV DU DOCTEUR BERTHIER, Meximieux"
Entente Lyon Est Handball,B,Seniors,P1,4,samedi 10 octobre 2026 à 21H00,True,Entente Lyon Est Handball,Saint Genix - Aoste HB,,Halle des Sports,Genas,https://www.ffhandball.fr/competitions/saison-2026-2027-22/regional/prenationale-feminine-aura-30495/poule-190154/rencontre-2651240/,"Halle des Sports, RUE DE LA FRATERNITE, Genas"
Entente Lyon Est Handball,B,Seniors,P1,5,7 novembre 2026 au 8 novembre 2026,False,Belley HBC,Entente Lyon Est Handball,,,,https://www.ffhandball.fr/competitions/saison-2026-2027-22/regional/prenationale-feminine-aura-30495/poule-190154/rencontre-2651243/,
Entente Lyon Est Handball,B,Seniors,P1,6,14 novembre 2026 au 15 novembre 2026,False,CS Morestel Handball,Entente Lyon Est Handball,,,,https://www.ffhandball.fr/competitions/saison-2026-2027-22/regional/prenationale-feminine-aura-30495/poule-190154/rencontre-2651248/,
Entente Lyon Est Handball,B,Seniors,P1,7,28 novembre 2026 au 29 novembre 2026,False,Entente Lyon Est Handball,Entente Bron Villeurbanne,,,,https://www.ffhandball.fr/competitions/saison-2026-2027-22/regional/prenationale-feminine-aura-30495/poule-190154/rencontre-2651253/,
Entente Lyon Est Handball,B,Seniors,P1,8,5 décembre 2026 au 7 mars 2027,False,Entente Lyon Est Handball,Porte de l'Isere,,,,https://www.ffhandball.fr/competitions/saison-2026-2027-22/regional/prenationale-feminine-aura-30495/poule-190154/rencontre-2651258/,
Entente Lyon Est Handball,B,Seniors,P1,9,samedi 12 décembre 2026 à 20H30,True,Handball Club Bourgetain,Entente Lyon Est Handball,,Espace La Traverse,Le Bourget du Lac,https://www.ffhandball.fr/competitions/saison-2026-2027-22/regional/prenationale-feminine-aura-30495/poule-190154/rencontre-2651262/,"Espace La Traverse, SAVOIE TECHNOLAC, Le Bourget du Lac"
Entente Lyon Est Handball,B,Seniors,P1,10,9 janvier 2027 au 10 janvier 2027,False,Entente Lyon Est Handball,Entente Meximieux Montluel,,,,https://www.ffhandball.fr/competitions/saison-2026-2027-22/regional/prenationale-feminine-aura-30495/poule-190154/rencontre-2651265/,
Entente Lyon Est Handball,B,Seniors,P1,11,16 janvier 2027 au 17 janvier 2027,False,Saint Genix - Aoste HB,Entente Lyon Est Handball,,,,https://www.ffhandball.fr/competitions/saison-2026-2027-22/regional/prenationale-feminine-aura-30495/poule-190154/rencontre-2651268/,
Entente Lyon Est Handball,B,Seniors,P1,12,23 janvier 2027 au 24 janvier 2027,False,Entente Lyon Est Handball,Belley HBC,,,,https://www.ffhandball.fr/competitions/saison-2026-2027-22/regional/prenationale-feminine-aura-30495/poule-190154/rencontre-2651271/,
Entente Lyon Est Handball,B,Seniors,P1,13,30 janvier 2027 au 31 janvier 2027,False,Entente Lyon Est Handball,CS Morestel Handball,,,,https://www.ffhandball.fr/competitions/saison-2026-2027-22/regional/prenationale-feminine-aura-30495/poule-190154/rencontre-2651276/,
Entente Lyon Est Handball,B,Seniors,P1,14,6 février 2027 au 7 février 2027,False,Entente Bron Villeurbanne,Entente Lyon Est Handball,,,,https://www.ffhandball.fr/competitions/saison-2026-2027-22/regional/prenationale-feminine-aura-30495/poule-190154/rencontre-2651281/,
