section,indice,categorie,phase,Pos.,Club,Points
Entente Est Lyonnais,CF,M18,P1,1,U.S. CRAUROISE HANDBALL,0
Entente Est Lyonnais,CF,M18,P1,2,UODL HANDBALL,0
Entente Est Lyonnais,CF,M18,P1,3,ISTRES PROVENCE HANDBALL,0
Entente Est Lyonnais,CF,M18,P1,4,ST PRIEST HANDBALL,0
Entente Est Lyonnais,CF,M18,P1,5,ESTEREL ST RAPHAEL VAR HB (U18M ELITE),0
Entente Est Lyonnais,CF,M18,P1,6,MONTELIMAR CLUB HANDBALL,0
Entente Lyon Est Handball,,M16,P1,1,ANNECY CSAV HANDBALL,0
Entente Lyon Est Handball,,M16,P1,2,CHAMBÉRY LA MOTTE SERVOLEX SAVOIE HANDBALL,0
Entente Lyon Est Handball,,M16,P1,3,M16F EXC - ENTENTE LYON EST HANDBALL,0
Entente Lyon Est Handball,,M16,P1,4,M16F EXC - LYON OUEST HANDBALL,0
Entente Lyon Est Handball,,M16,P1,5,M16F EXC - ENTENTE MEXIMIEUX MONTLUEL,0
Entente Lyon Est Handball,,M16,P1,6,M16F EXC - ENTENTE POISY - ANNECY,0
Entente Lyon Est Handball,A,M18,P1,1,MERMOZ F18,0
Entente Lyon Est Handball,A,M18,P1,2,M18F EXC - ENTENTE BRON VAULX EN VELIN VILLEURBANNE,0
Entente Lyon Est Handball,A,M18,P1,3,UODL HB,0
Entente Lyon Est Handball,A,M18,P1,4,IDA U18F,0
Entente Lyon Est Handball,A,M18,P1,5,Porte de l'isère,0
Entente Lyon Est Handball,A,M18,P1,6,M18F EXC - ENTENTE LYON EST HANDBALL - 1,0
Entente Lyon Est Handball,A,Seniors,P1,1,HANDBALL CLUB DE LYON,0
Entente Lyon Est Handball,A,Seniors,P1,2,ASUL VAULX-EN-VELIN,0
Entente Lyon Est Handball,A,Seniors,P1,3,ST GENIS LAVAL AL HANDBALL 2,0
Entente Lyon Est Handball,A,Seniors,P1,4,SAINT-FLOUR HANDBALL,0
Entente Lyon Est Handball,A,Seniors,P1,5,ST CHAMOND HANDBALL PAYS DU GIER 2,0
Entente Lyon Est Handball,A,Seniors,P1,6,BLANZAT SPORT MONTLUCON,0
Entente Lyon Est Handball,A,Seniors,P1,7,CALUIRE RILLIEUX HANDBALL,0
Entente Lyon Est Handball,A,Seniors,P1,8,ST LAURENT DE CHAMOUSSET HBC,0
Entente Lyon Est Handball,A,Seniors,P1,9,HANDBALL CLERMONT AUVERGNE METROPOLE 63,0
Entente Lyon Est Handball,A,Seniors,P1,10,HBC LANGEAC,0
Entente Lyon Est Handball,A,Seniors,P1,11,AMBERIEU HBC,0
Entente Lyon Est Handball,A,Seniors,P1,12,P16F N3 - ENTENTE LYON EST HANDBALL,0
Entente Lyon Est Handball,B,Seniors,P1,1,P16F PNF - ENTENTE MEXIMIEUX MONTLUEL,0
Entente Lyon Est Handball,B,Seniors,P1,2,P16F PNF - ENTENTE BRON VILLEURBANNE,0
Entente Lyon Est Handball,B,Seniors,P1,3,P16F PNF - PORTE DE L'ISERE,0
Entente Lyon Est Handball,B,Seniors,P1,4,P16F PNF - ENTENTE LYON EST HANDBALL,0
Entente Lyon Est Handball,B,Seniors,P1,5,SAINT GENIX - AOSTE HB,0
Entente Lyon Est Handball,B,Seniors,P1,6,BELLEY HBC,0
Entente Lyon Est Handball,B,Seniors,P1,7,HANDBALL CLUB BOURGETAIN,0
Entente Lyon Est Handball,B,Seniors,P1,8,CS MORESTEL HANDBALL,0
Entente Est Lyonnais,Rés.,M15,P1,1,VILLEURBANNE HANDBALL ASSOCIATION,0
Entente Est Lyonnais,Rés.,M15,P1,2,ST GENIS LAVAL AL HANDBALL -15 RESERVE,0
Entente Est Lyonnais,Rés.,M15,P1,3,UODL HANDBALL,0
Entente Est Lyonnais,Rés.,M15,P1,4,M15M EXC - ENTENTE EST LYONNAIS (RESERVE),0
Entente Est Lyonnais,Rés.,M15,P1,5,M15M EXC - ENTENTE NORD ISERE (RESERVE),0
Entente Est Lyonnais,,M17,P1,1,M17M EXC - LYON METROPOLE,0
Entente Est Lyonnais,,M17,P1,2,ST GENIS LAVAL AL HANDBALL -17 m aura,0
Entente Est Lyonnais,,M17,P1,3,UODL HANDBALL,0
Entente Est Lyonnais,,M17,P1,4,M17M EXC - ENTENTE NORD ISERE,0
Entente Est Lyonnais,,M17,P1,5,M17M EXC - ENTENTE EST LYONNAIS,0
Entente Lyon Est Handball,A,M13,P1,1,ASUL VAULX-EN-VELIN,0
Entente Lyon Est Handball,A,M13,P1,2,CALUIRE-RILLIEUX HANDBALL,0
Entente Lyon Est Handball,A,M13,P1,3,HBC ST LAURENT DE CHAMOUSSET,0
Entente Lyon Est Handball,A,M13,P1,4,VILLEURBANNE HANDBALL ASSOCIATION,0
Entente Lyon Est Handball,A,M13,P1,5,M13F EXC - ENTENTE LYON EST HANDBALL - 1,0
Entente Villette Genas,A,M13,P1,1,M13M EXC - ENTENTE GENAS - VILLETTE,0
Entente Villette Genas,A,M13,P1,2,-13G1 US MEYZIEU HANDBALL,0
Entente Villette Genas,A,M13,P1,3,M13M EXC - ENTENTE BOURGOIN/VILLEFONTAINE,0
Entente Villette Genas,A,M13,P1,4,M13M EXC - ENTENTE CORBAS - ST PRIEST,0
Entente Villette Genas,A,M13,P1,5,M13M CHAPONNAY,0
Entente Lyon Est Handball,A,M15,P1,1,PAYS VOIRONNAIS HANDBALL 1,0
Entente Lyon Est Handball,A,M15,P1,2,HBC ECHIROLLES-EYBENS,0
Entente Lyon Est Handball,A,M15,P1,3,MEYLAN HANDBALL 1,0
Entente Lyon Est Handball,A,M15,P1,4,M15F EXC - ENTENTE BRON VILLEURBANNE,0
Entente Lyon Est Handball,A,M15,P1,5,M15F EXC - PORTE DE L'ISERE,0
Entente Lyon Est Handball,A,M15,P1,6,M15F EXC - ENTENTE LYON EST HANDBALL,0
Entente Est Lyonnais,B,M15,P1,1,MERMOZ G15A,0
Entente Est Lyonnais,B,M15,P1,2,HANDBALL CLUB DE LYON,0
Entente Est Lyonnais,B,M15,P1,3,SAINT GENIX AOSTE HB 1,0
Entente Est Lyonnais,B,M15,P1,4,M15M EXC - ENTENTE EST LYONNAIS,0
Entente Est Lyonnais,B,M15,P1,5,M15M CHAPONNAY,0
Entente Est Lyonnais,B,M15,P1,6,BELLEY HBC,0
Entente Villette Genas,C,M15,P1,1,M15M EXC - ENTENTE GENAS - VILLETTE,0
Entente Villette Genas,C,M15,P1,2,M15M EXC - MIONS HEYRIEUX,0
Entente Villette Genas,C,M15,P1,3,AS GENAY HANDBALL,0
Entente Villette Genas,C,M15,P1,4,HB GLEIZE ST JULIEN DENICE U15M A,0
Entente Villette Genas,C,M15,P1,5,M15M EXC - ENTENTE BEAUJOLAISE 2,0
Entente Est Lyonnais,A,M18,P1,1,UODL HANDBALL,0
Entente Est Lyonnais,A,M18,P1,2,US CRAUROISE HANDBALL,0
Entente Est Lyonnais,A,M18,P1,3,ISTRES PROVENCE HANDBALL,0
Entente Est Lyonnais,A,M18,P1,4,ENT. EST-LYONNAIS - SAINT-PRIEST,0
Entente Est Lyonnais,A,M18,P1,5,SAINT RAPHAEL VHB,0
Entente Est Lyonnais,A,M18,P1,6,MONTELIMAR CLUB HANDBALL,0
Entente Villette Genas,C,M18,P1,1,M18M EXC - ENTENTE GENAS - VILLETTE,0
Entente Villette Genas,C,M18,P1,2,PAYS VOIRONNAIS HANDBALL 1,0
Entente Villette Genas,C,M18,P1,3,HANDBALL CLUB DE LYON,0
Entente Villette Genas,C,M18,P1,4,CS BOURGOIN JALLIEU HB,0
Entente Villette Genas,C,M18,P1,5,M18M EXC - ENTENTE CORBAS - ST PRIEST - CHAPONNAY,0
Entente Est Lyonnais,B,M18,P1,1,M18M EXC - ENTENTE LIMAS/VHB,0
Entente Est Lyonnais,B,M18,P1,2,ROANNE RIORGES HANDBALL 1,0
Entente Est Lyonnais,B,M18,P1,3,ENTENTE EST-LYONNAIS - SAINT-PRIEST (U18),0
Entente Est Lyonnais,B,M18,P1,4,Trévoux - U18 Excellence,0
Entente Est Lyonnais,B,M18,P1,5,CIVRIEUX HANDBALL CLUB,0
Entente Est Lyonnais,B,M18,P1,6,M18M EXC - ENTENTE NORD BEAUJOLAIS 1,0
Entente Villette Genas,D,M18,P1,1,HANDBALL BOURG,0
Entente Villette Genas,D,M18,P1,2,AS GENAY HANDBALL,0
Entente Villette Genas,D,M18,P1,3,COTIERE HANDBALL,0
Entente Villette Genas,D,M18,P1,4,VAULX EN VELIN HANDBALL CLUB,0
Entente Villette Genas,D,M18,P1,5,M18M EXC - ENTENTE GENAS-VILLETTE B,0
